episode,reward_safe,reward_std,violations_safe,violations_std,lagrangian_lambda,comp_cost,comp_carbon,comp_degrad,comp_safety
0,-71662.67820597057,-71669.77346141612,0.0,27.357341785679978,0.48,170.62542429992996,170.62542429992996,42.65635607498249,0.0
1,-72657.15156744234,-72690.9718124071,0.0,31.727100230774887,0.4608,172.99321801771987,172.99321801771987,43.24830450442997,0.0
2,-73162.10747701126,-73193.03934327766,0.0,22.443921617844076,0.442368,174.19549399288397,174.19549399288397,43.54887349822099,0.0
3,-72624.13658345105,-72629.24053524846,0.0,24.37106539950176,0.42467328,172.9146109129787,172.9146109129787,43.228652728244676,0.0
4,-75036.09199796391,-75051.6492470868,0.0,30.470957592354743,0.4076863488,178.6573618999141,178.6573618999141,44.66434047497852,0.0
5,-73242.81345835599,-73240.88881205884,0.0,32.64775159730307,0.391378894848,174.3876510913238,174.3876510913238,43.59691277283095,0.0
6,-73826.6074949313,-73840.02741594551,0.0,22.8655946502629,0.37572373905407996,175.77763689269358,175.77763689269358,43.944409223173395,0.0
7,-72477.61470557055,-72482.49366181795,0.0,16.725716640671152,0.36069478949191675,172.56574929897752,172.56574929897752,43.14143732474438,0.0
8,-73850.81785629345,-73874.04956213306,0.0,25.36658983594202,0.3462669979122401,175.8352806102225,175.8352806102225,43.958820152555624,0.0
9,-73760.00700882,-73762.10739982259,0.0,18.52460613968192,0.33241631799575044,175.61906430671428,175.61906430671428,43.90476607667857,0.0
10,-74998.39777459559,-75010.03992760269,0.0,33.34510762644696,0.3191196652759204,178.56761374903712,178.56761374903712,44.64190343725928,0.0
11,-73973.73386323891,-73986.13794972528,0.0,17.48428523440947,0.3063548786648836,176.1279377696165,176.1279377696165,44.031984442404124,0.0
12,-75504.0218797495,-75516.56444910864,0.0,23.636382151261646,0.2941006835182882,179.77148066607026,179.77148066607026,44.942870166517565,0.0
13,-71704.36713227777,-71692.39826584834,0.0,24.72852566741094,0.28233665617755666,170.7246836482804,170.7246836482804,42.6811709120701,0.0
14,-73734.2242482625,-73746.91490296042,0.0,28.48103182406709,0.2710431899304544,175.5576767815774,175.5576767815774,43.88941919539435,0.0
15,-75273.32215949631,-75306.81172044577,0.0,30.632825147738785,0.2602014623332362,179.22219561784837,179.22219561784837,44.80554890446209,0.0
16,-71827.31800503719,-71839.62911813163,0.0,19.467370456291647,0.24979340383990675,171.01742382151713,171.01742382151713,42.75435595537928,0.0
17,-74399.26997994632,-74440.00357797882,0.0,25.29609217007244,0.23980166768631048,177.1411189998722,177.1411189998722,44.28527974996805,0.0
18,-72540.17975602589,-72555.31904894502,0.0,24.879374564449982,0.23020960097885804,172.71471370482354,172.71471370482354,43.178678426205884,0.0
19,-74716.99023052718,-74733.97107813485,0.0,24.278197940380288,0.2210012169397037,177.8975957869695,177.8975957869695,44.474398946742376,0.0
20,-73830.42219119462,-73839.68557112582,0.0,22.26570529379804,0.21216116826211553,175.78671950284436,175.78671950284436,43.94667987571109,0.0
21,-74626.04943355542,-74640.72190085327,0.0,22.282876144331176,0.2036747215316309,177.68107007989389,177.68107007989389,44.42026751997347,0.0
22,-75896.16085613356,-75904.0323983068,0.0,25.532151138459483,0.19552773267036566,180.70514489555612,180.70514489555612,45.17628622388903,0.0
23,-72909.59986961058,-72922.05009743637,0.0,32.51996494291345,0.18770662336355104,173.59428540383473,173.59428540383473,43.39857135095868,0.0
24,-74384.13794824589,-74372.62825016196,0.0,30.45753425961231,0.180198358429009,177.1050903529664,177.1050903529664,44.2762725882416,0.0
25,-74140.37509465156,-74167.83594657654,0.0,14.633048837959253,0.17299042409184864,176.52470260631327,176.52470260631327,44.13117565157832,0.0
26,-72509.76049870087,-72521.33362276007,0.0,23.142795670021044,0.16607080712817468,172.64228690166874,172.64228690166874,43.160571725417185,0.0
27,-74759.46855782738,-74760.3934408802,0.0,21.110916562045624,0.1594279748430477,177.99873466149378,177.99873466149378,44.499683665373446,0.0
28,-75842.79576082258,-75846.69000236792,0.0,33.761352217118116,0.15305085584932576,180.5780851448157,180.5780851448157,45.144521286203926,0.0
29,-75397.48523272773,-75421.84201665921,0.0,31.357775474970794,0.14692882161535273,179.5178219826851,179.5178219826851,44.87945549567127,0.0
30,-73046.84093741656,-73069.05765805699,0.0,19.354741143913856,0.1410516687507386,173.9210498509918,173.9210498509918,43.48026246274795,0.0
31,-75579.76459004715,-75589.51938738435,0.0,27.44687280613959,0.13540960200070906,179.95182045249325,179.95182045249325,44.98795511312331,0.0
32,-74727.65454196629,-74730.43326387736,0.0,28.56499215086194,0.1299932179206807,177.92298700468166,177.92298700468166,44.480746751170415,0.0
33,-75659.22208973777,-75671.81883575619,0.0,23.125895962252013,0.12479348920385346,180.14100497556615,180.14100497556615,45.03525124389154,0.0
34,-73778.52239775087,-73800.63199743291,0.0,27.2213165574302,0.11980174963569931,175.66314856607352,175.66314856607352,43.91578714151838,0.0
35,-73655.5100475379,-73666.90038587971,0.0,30.79664901682124,0.11500967965027134,175.37026201794737,175.37026201794737,43.84256550448684,0.0
36,-74649.08595773242,-74653.27532445642,0.0,28.07967803472132,0.11040929246426048,177.73591894698197,177.73591894698197,44.43397973674549,0.0
37,-75075.77399193529,-75096.70500451498,0.0,23.452267803430047,0.10599292076569006,178.75184283794118,178.75184283794118,44.687960709485296,0.0
38,-75747.89689525629,-75766.1582254787,0.0,18.744432118073483,0.10175320393506244,180.35213546489592,180.35213546489592,45.08803386622398,0.0
39,-73414.85219670851,-73439.09246690058,0.0,24.075489317785056,0.1,174.79726713502026,174.79726713502026,43.699316783755066,0.0
40,-76519.457679606,-76529.23044940081,0.0,30.245046129184445,0.1,182.18918495144285,182.18918495144285,45.547296237860714,0.0
41,-74337.35346899065,-74345.31003208522,0.0,17.957693518182204,0.1,176.99369873569205,176.99369873569205,44.24842468392301,0.0
42,-74303.5448379991,-74302.97854626385,0.0,28.030049756728197,0.1,176.91320199523597,176.91320199523597,44.22830049880899,0.0
43,-72751.78539254592,-72753.98109902095,0.0,33.77397090992182,0.1,173.21853664891887,173.21853664891887,43.30463416222972,0.0
44,-75426.93847233593,-75421.11917825708,0.0,33.48228184145019,0.1,179.587948743657,179.587948743657,44.89698718591425,0.0
45,-75621.79118109819,-75638.90135577021,0.0,24.516434440648037,0.1,180.05188376451952,180.05188376451952,45.01297094112988,0.0
46,-75187.13353923897,-75196.68434837088,0.0,26.995680571760353,0.1,179.01698461723566,179.01698461723566,44.754246154308916,0.0
47,-76948.90466098704,-76963.52831396279,0.0,30.516509410082605,0.1,183.21167776425486,183.21167776425486,45.802919441063715,0.0
48,-77762.68160968127,-77778.82388616788,0.0,25.75150880730939,0.1,185.14924192781257,185.14924192781257,46.28731048195314,0.0
49,-73911.07397154004,-73922.4378494179,0.0,24.715271881394663,0.1,175.97874755128584,175.97874755128584,43.99468688782146,0.0
50,-73805.52568985379,-73823.60370754272,0.0,16.449158036716874,0.1,175.7274421186995,175.7274421186995,43.93186052967488,0.0
51,-75198.02489192026,-75199.5430376992,0.0,28.716320470113576,0.1,179.04291640933394,179.04291640933394,44.760729102333485,0.0
52,-75882.54742682361,-75899.25608120489,0.0,24.080083318236603,0.1,180.67273196862766,180.67273196862766,45.168182992156915,0.0
53,-75566.28644555772,-75581.47078488837,0.0,26.737908526808354,0.1,179.9197296322803,179.9197296322803,44.97993240807008,0.0
54,-76439.09528281174,-76448.69768600866,0.0,21.108476372988438,0.1,181.99784591145655,181.99784591145655,45.49946147786414,0.0
55,-75018.22382148748,-75035.18227403845,0.0,20.10813611192484,0.1,178.61481862258924,178.61481862258924,44.65370465564731,0.0
56,-75342.20341052877,-75361.28593808592,0.0,16.4870819788108,0.1,179.3861985964971,179.3861985964971,44.84654964912428,0.0
57,-73872.13450031038,-73897.42605668363,0.0,27.362987412065216,0.1,175.88603452454853,175.88603452454853,43.971508631137134,0.0
58,-74011.07107716695,-74028.63137451009,0.0,29.91345491972757,0.1,176.21683589801657,176.21683589801657,44.05420897450414,0.0
59,-73052.23789297492,-73083.89263741954,0.0,30.07185032509065,0.1,173.9338997451784,173.9338997451784,43.4834749362946,0.0
60,-76075.58455440463,-76072.17581209131,0.0,18.602115166321493,0.1,181.1323441771539,181.1323441771539,45.283086044288474,0.0
61,-75567.07746019312,-75575.82927441616,0.0,25.13045525105417,0.1,179.9216130004598,179.9216130004598,44.98040325011495,0.0
62,-72764.38881704415,-72784.56540724884,0.0,21.371280934232672,0.1,173.2485448024861,173.2485448024861,43.312136200621524,0.0
63,-73655.07981380286,-73671.94748144763,0.0,21.22308533823339,0.1,175.3692376519116,175.3692376519116,43.8423094129779,0.0
64,-74935.95597077788,-74944.84079274796,0.0,17.96669451575889,0.1,178.4189427875664,178.4189427875664,44.6047356968916,0.0
65,-75245.20630690052,-75250.97397443942,0.0,18.24157697191833,0.1,179.15525311166792,179.15525311166792,44.78881327791698,0.0
66,-75949.23501996315,-75954.47628743337,0.0,30.268208983039198,0.1,180.83151195229323,180.83151195229323,45.20787798807331,0.0
67,-73295.13797150418,-73300.64398261586,0.0,38.161910324186955,0.1,174.51223326548617,174.51223326548617,43.62805831637154,0.0
68,-75475.26255114638,-75495.19573015519,0.0,25.92418061847437,0.1,179.70300607415805,179.70300607415805,44.92575151853951,0.0
69,-73210.95961873633,-73217.37604093453,0.0,28.501549397044958,0.1,174.31180861603892,174.31180861603892,43.57795215400973,0.0
70,-75887.57591953519,-75896.81954127281,0.0,25.610049073226808,0.1,180.68470457032188,180.68470457032188,45.17117614258047,0.0
71,-73781.07240957551,-73821.67325495821,0.0,24.51970050137675,0.1,175.66922002279884,175.66922002279884,43.91730500569971,0.0
72,-72181.28794720417,-72207.78068046703,0.0,21.48411787437056,0.1,171.86020939810518,171.86020939810518,42.965052349526296,0.0
73,-73241.57467337552,-73256.22478847056,0.0,33.85400317817755,0.1,174.38470160327506,174.38470160327506,43.596175400818765,0.0
74,-74230.4256951007,-74239.15602452282,0.0,34.062242789984644,0.1,176.73910879785882,176.73910879785882,44.184777199464705,0.0
75,-73283.13695617043,-73305.21447552499,0.0,22.18766612052866,0.1,174.48365941945343,174.48365941945343,43.62091485486336,0.0
76,-74530.61213877151,-74551.93621616207,0.0,29.86277224813365,0.1,177.45383842564647,177.45383842564647,44.36345960641162,0.0
77,-72987.02644189232,-73008.24454151449,0.0,17.148876400547717,0.1,173.7786343854579,173.7786343854579,43.44465859636448,0.0
78,-74504.89791345038,-74512.62654169212,0.0,23.762406822242475,0.1,177.39261407964375,177.39261407964375,44.34815351991094,0.0
79,-75152.5986245166,-75166.8542902256,0.0,28.103360487753392,0.1,178.93475862980145,178.93475862980145,44.73368965745036,0.0
80,-72730.64015840167,-72747.417168411,0.0,18.323278206449494,0.1,173.1681908533373,173.1681908533373,43.29204771333433,0.0
81,-74140.79659561257,-74159.59857412263,0.0,28.052928726419115,0.1,176.52570618002994,176.52570618002994,44.131426545007486,0.0
82,-73468.3731123341,-73488.9710168134,0.0,30.403903627773108,0.1,174.92469788650976,174.92469788650976,43.73117447162744,0.0
83,-74295.81275474957,-74319.15197629506,0.0,27.295900396142184,0.1,176.89479227321326,176.89479227321326,44.223698068303314,0.0
84,-76049.46684889305,-76063.76519177847,0.0,16.69519533242004,0.1,181.07015916403108,181.07015916403108,45.26753979100777,0.0
85,-73165.3854616584,-73184.68164384972,0.0,26.038438435815557,0.1,174.2032987182343,174.2032987182343,43.55082467955857,0.0
86,-73679.7470055215,-73697.46279389344,0.0,18.616257120898453,0.1,175.42796906076546,175.42796906076546,43.856992265191366,0.0
87,-74268.28002262172,-74272.46945721764,0.0,30.26576426666452,0.1,176.82923814909935,176.82923814909935,44.20730953727484,0.0
88,-72845.18977198318,-72859.79422044462,0.0,28.40750348686312,0.1,173.44092802853137,173.44092802853137,43.36023200713284,0.0
89,-74575.38463302312,-74590.66781678442,0.0,25.148780697478728,0.1,177.56043960243602,177.56043960243602,44.390109900609005,0.0
90,-72370.4965629154,-72394.87940097516,0.0,22.41977635891313,0.1,172.31070610217952,172.31070610217952,43.07767652554488,0.0
91,-74346.29553772155,-74362.25674549096,0.0,22.688623556474788,0.1,177.01498937552753,177.01498937552753,44.253747343881884,0.0
92,-71881.33122704539,-71891.98626477107,0.0,23.454139382656802,0.1,171.14602673106046,171.14602673106046,42.786506682765115,0.0
93,-71422.72991746763,-71439.95125518397,0.0,22.606256891682612,0.1,170.0541188511134,170.0541188511134,42.51352971277835,0.0
94,-71374.0471274716,-71401.60468872733,0.0,20.52696348890248,0.1,169.93820744636096,169.93820744636096,42.48455186159024,0.0
95,-70115.1129241555,-70128.24420771388,0.0,22.801344708629124,0.1,166.9407450575131,166.9407450575131,41.73518626437828,0.0
96,-68726.92683594287,-68756.39661478641,0.0,25.982773882557872,0.1,163.63554008557827,163.63554008557827,40.90888502139457,0.0
97,-70317.16890591981,-70342.4873513145,0.0,17.57219813481514,0.1,167.4218307283805,167.4218307283805,41.85545768209513,0.0
98,-71780.3280238127,-71797.99852647139,0.0,29.448153978117183,0.1,170.90554291383978,170.90554291383978,42.726385728459945,0.0
99,-71456.00795642752,-71471.83079632028,0.0,30.327401875326757,0.1,170.13335227720842,170.13335227720842,42.533338069302104,0.0
100,-71974.77911753426,-71984.60623303325,0.0,32.0467372009279,0.1,171.3685217084149,171.3685217084149,42.842130427103726,0.0
101,-70874.10668193197,-70912.09566316816,0.0,23.185807197801704,0.1,168.74787305221898,168.74787305221898,42.186968263054744,0.0
102,-69802.3137384936,-69812.8587132796,0.0,32.2669223855885,0.1,166.19598509165144,166.19598509165144,41.54899627291286,0.0
103,-71715.92518391517,-71746.72090537248,0.0,22.385699864233658,0.1,170.75220281884563,170.75220281884563,42.68805070471141,0.0
104,-70842.08661780406,-70852.8847496331,0.0,23.591076955697464,0.1,168.6716348042954,168.6716348042954,42.16790870107385,0.0
105,-70823.08308626089,-70824.63858115055,0.0,20.40674026757901,0.1,168.62638830062116,168.62638830062116,42.15659707515529,0.0
106,-69836.4973521429,-69841.45594447538,0.0,21.161012174479357,0.1,166.2773746479593,166.2773746479593,41.569343661989826,0.0
107,-71364.89751471755,-71379.55066584368,0.0,26.171073662682602,0.1,169.91642265408942,169.91642265408942,42.479105663522354,0.0
108,-71181.32686051229,-71211.83186544043,0.0,20.008229796306047,0.1,169.4793496678864,169.4793496678864,42.3698374169716,0.0
109,-68728.89629650375,-68753.73952048851,0.0,23.930055778872454,0.1,163.6402292773899,163.6402292773899,40.91005731934747,0.0
110,-68814.85519388621,-68829.36055678969,0.0,28.37409746083302,0.1,163.8448933187767,163.8448933187767,40.96122332969418,0.0
111,-69431.85035009352,-69435.6231298779,0.0,26.912048730920255,0.1,165.31392940498458,165.31392940498458,41.328482351246144,0.0
112,-72892.5170536058,-72909.18157568794,0.0,27.462256320040744,0.1,173.55361203239477,173.55361203239477,43.38840300809869,0.0
113,-70084.76284754784,-70102.65453398692,0.0,37.276500699554475,0.1,166.868482970352,166.868482970352,41.717120742588,0.0
114,-71541.97296407323,-71550.59556423071,0.0,22.345015224990913,0.1,170.33803086684102,170.33803086684102,42.584507716710256,0.0
115,-72591.38849886987,-72600.15709360562,0.0,22.222614404198726,0.1,172.83663928302352,172.83663928302352,43.20915982075588,0.0
116,-73622.30641290855,-73630.93254163548,0.0,30.94508265553776,0.1,175.29120574502036,175.29120574502036,43.82280143625509,0.0
117,-71812.77099739092,-71841.97603987082,0.0,22.14626853125262,0.1,170.982788089026,170.982788089026,42.7456970222565,0.0
118,-72893.787446871,-72900.46389113997,0.0,27.35707778193202,0.1,173.5566367782643,173.5566367782643,43.389159194566076,0.0
119,-74018.21189581549,-74027.68966537269,0.0,28.164659088777555,0.1,176.23383784717976,176.23383784717976,44.05845946179494,0.0
120,-74499.06784398059,-74516.0970741891,0.0,17.42127942501384,0.1,177.37873296185856,177.37873296185856,44.34468324046464,0.0
121,-75242.97580011944,-75273.45085213274,0.0,33.97938836547761,0.1,179.14994238123677,179.14994238123677,44.78748559530919,0.0
122,-74914.36350351588,-74923.23561661104,0.0,23.061492200320078,0.1,178.36753215122832,178.36753215122832,44.59188303780708,0.0
123,-73923.10416569239,-73940.96281959963,0.0,26.672283949935125,0.1,176.00739087069618,176.00739087069618,44.001847717674046,0.0
124,-75150.89886388369,-75172.48430661042,0.0,35.05102269383175,0.1,178.93071158067545,178.93071158067545,44.73267789516886,0.0
125,-74474.99968381271,-74488.23021153777,0.0,21.00851377730773,0.1,177.3214278186017,177.3214278186017,44.330356954650426,0.0
126,-73179.52127128819,-73180.72807900804,0.0,21.345349800290403,0.1,174.23695540782904,174.23695540782904,43.55923885195726,0.0
127,-76013.64180931039,-76028.31053958165,0.0,33.97278931758894,0.1,180.98486145073903,180.98486145073903,45.24621536268476,0.0
128,-72952.31873754495,-72962.14262455459,0.0,26.118939758194493,0.1,173.69599699415465,173.69599699415465,43.423999248538664,0.0
129,-73069.24587360851,-73084.08164464778,0.0,30.94196636724042,0.1,173.97439493716314,173.97439493716314,43.493598734290785,0.0
130,-73474.33458743732,-73514.60391169606,0.0,22.345656135398396,0.1,174.93889187485078,174.93889187485078,43.734722968712695,0.0
131,-74518.29738664774,-74528.40299222256,0.0,30.22080438534536,0.1,177.42451758725653,177.42451758725653,44.35612939681413,0.0
132,-73114.83442562821,-73136.65334052448,0.0,34.23353662868017,0.1,174.0829391086386,174.0829391086386,43.52073477715965,0.0
133,-74230.59979713535,-74251.43907898861,0.0,23.203539546064704,0.1,176.73952332651274,176.73952332651274,44.184880831628185,0.0
134,-75084.72997098755,-75105.63651929448,0.0,30.543517902914537,0.1,178.7731665975894,178.7731665975894,44.69329164939735,0.0
135,-74341.58443808442,-74364.7892598964,0.0,27.53637015553649,0.1,177.0037724716296,177.0037724716296,44.2509431179074,0.0
136,-74228.28837850738,-74253.95512540327,0.0,30.846477952228362,0.1,176.7340199488271,176.7340199488271,44.183504987206774,0.0
137,-75761.76517858663,-75790.58676849701,0.0,28.243549437948214,0.1,180.38515518711105,180.38515518711105,45.09628879677776,0.0
138,-74417.56934792611,-74430.89816712294,0.0,25.733568432166614,0.1,177.1846889236336,177.1846889236336,44.2961722309084,0.0
139,-75245.0790808529,-75272.14417051797,0.0,20.91532164506382,0.1,179.1549501925069,179.1549501925069,44.788737548126726,0.0
140,-73948.55636044964,-73967.24309353837,0.0,23.033305938363196,0.1,176.06799133440393,176.06799133440393,44.01699783360098,0.0
141,-76858.21292866005,-76873.5003768894,0.0,31.392259313036494,0.1,182.99574506823825,182.99574506823825,45.74893626705956,0.0
142,-72942.7457780698,-72959.65676875,0.0,25.232182740780743,0.1,173.67320423349952,173.67320423349952,43.41830105837488,0.0
143,-75007.87948082162,-75009.28091941182,0.0,28.731267830136105,0.1,178.59018924005147,178.59018924005147,44.64754731001287,0.0
144,-75802.60562554405,-75824.06046735546,0.0,35.8162736165273,0.1,180.48239434653345,180.48239434653345,45.12059858663336,0.0
145,-74041.27590250433,-74053.1981201548,0.0,26.095751638319694,0.1,176.28875214881987,176.28875214881987,44.07218803720497,0.0
146,-73002.74720732885,-73020.24104416596,0.0,32.887266398817374,0.1,173.81606477935443,173.81606477935443,43.45401619483861,0.0
147,-74270.42915441979,-74284.47619909592,0.0,26.395107628851697,0.1,176.83435512957095,176.83435512957095,44.20858878239274,0.0
148,-75687.94628979977,-75709.02525489694,0.0,25.93304561578179,0.1,180.2093959280947,180.2093959280947,45.05234898202367,0.0
149,-74219.03225054171,-74229.5679143962,0.0,25.97044996449154,0.1,176.71198154890885,176.71198154890885,44.17799538722721,0.0
150,-74071.10901966308,-74096.84533716168,0.0,19.8674235029447,0.1,176.35978338015022,176.35978338015022,44.089945845037555,0.0
151,-72245.77601762542,-72262.10571436689,0.0,21.499395925304135,0.1,172.0137524229177,172.0137524229177,43.00343810572942,0.0
152,-74295.11922551099,-74322.06969180024,0.0,17.384065476081126,0.1,176.89314101312144,176.89314101312144,44.22328525328036,0.0
153,-72635.56539200239,-72644.97617352968,0.0,26.886059375322603,0.1,172.94182236191045,172.94182236191045,43.23545559047761,0.0
154,-74709.80274810638,-74740.45798839872,0.0,24.67124869463506,0.1,177.8804827335866,177.8804827335866,44.47012068339665,0.0
155,-73627.41927454753,-73636.8672792806,0.0,34.40578534720295,0.1,175.3033792251132,175.3033792251132,43.8258448062783,0.0
156,-76627.48493231874,-76628.00479331457,0.0,14.005970216899591,0.1,182.446392695997,182.446392695997,45.61159817399925,0.0
157,-74719.37268770499,-74738.77283220552,0.0,22.489728878236946,0.1,177.9032683040595,177.9032683040595,44.47581707601488,0.0
158,-72989.28773646345,-72994.07540829213,0.0,28.541782236496765,0.1,173.78401842015106,173.78401842015106,43.446004605037764,0.0
159,-75002.58344967518,-75020.02145681289,0.0,22.179606846316357,0.1,178.57757964208378,178.57757964208378,44.644394910520944,0.0
160,-77233.61182798701,-77235.8087840003,0.0,29.362286641400722,0.1,183.88955197139765,183.88955197139765,45.97238799284941,0.0
161,-74364.85756310396,-74386.35957488354,0.0,24.504120681103085,0.1,177.05918467405704,177.05918467405704,44.26479616851426,0.0
162,-75056.55203394333,-75090.0184039038,0.0,19.649576168369236,0.1,178.70607627129365,178.70607627129365,44.67651906782341,0.0
163,-73350.02720209348,-73349.77195038424,0.0,21.540459650593778,0.1,174.64292190974638,174.64292190974638,43.660730477436594,0.0
164,-76000.51606873164,-76015.06020856809,0.0,26.21669724661346,0.1,180.9536096874563,180.9536096874563,45.23840242186407,0.0
165,-74515.96066912905,-74528.5483085505,0.0,26.760276982571483,0.1,177.4189539741168,177.4189539741168,44.3547384935292,0.0
166,-73975.9608154656,-73978.4454212237,0.0,32.2188230203663,0.1,176.13324003682288,176.13324003682288,44.03331000920572,0.0
167,-74920.1461339725,-74934.32462218858,0.0,30.586479157940637,0.1,178.38130031898217,178.38130031898217,44.59532507974554,0.0
168,-75154.4828624648,-75172.91011592858,0.0,27.283766095768918,0.1,178.9392449106305,178.9392449106305,44.73481122765762,0.0
169,-76485.7643504966,-76506.46202329893,0.0,27.238542800086574,0.1,182.10896273927762,182.10896273927762,45.527240684819404,0.0
170,-74940.78768553921,-74962.21491313788,0.0,31.645762650662157,0.1,178.43044687033148,178.43044687033148,44.60761171758287,0.0
171,-73387.57021369123,-73404.53542538824,0.0,28.54501878794256,0.1,174.73231003259818,174.73231003259818,43.683077508149545,0.0
172,-73437.01958835423,-73451.12223141135,0.0,32.200586077247365,0.1,174.85004663893864,174.85004663893864,43.71251165973466,0.0
173,-73987.49802104122,-73995.73409802062,0.0,34.004702164554075,0.1,176.16070957390767,176.16070957390767,44.04017739347692,0.0
174,-74455.24558909121,-74469.84400958476,0.0,17.84612448940976,0.1,177.27439425974097,177.27439425974097,44.31859856493524,0.0
175,-75841.98394742626,-75858.26499157536,0.0,21.594741712625595,0.1,180.5761522557768,180.5761522557768,45.1440380639442,0.0
176,-74461.36296973458,-74484.76940522446,0.0,21.736880103488044,0.1,177.288959451749,177.288959451749,44.32223986293725,0.0
177,-73804.79967700515,-73815.337842673,0.0,15.552296345272346,0.1,175.72571351667895,175.72571351667895,43.93142837916974,0.0
178,-73770.27630978443,-73780.75324659194,0.0,12.880603366855217,0.1,175.64351502329626,175.64351502329626,43.910878755824065,0.0
179,-75064.54608788782,-75063.70705965297,0.0,28.802073280721487,0.1,178.72510973306626,178.72510973306626,44.681277433266565,0.0
180,-74044.60461320716,-74067.46261479368,0.0,27.127287808924823,0.1,176.29667765049325,176.29667765049325,44.07416941262331,0.0
181,-74933.95455843033,-74939.28479699904,0.0,24.7614432192901,0.1,178.41417752007223,178.41417752007223,44.60354438001806,0.0
182,-75646.85951629469,-75661.82349090379,0.0,19.208176554037287,0.1,180.1115702768921,180.1115702768921,45.02789256922303,0.0
183,-76082.06298475043,-76112.0969677681,0.0,29.386811452878355,0.1,181.14776901131057,181.14776901131057,45.28694225282764,0.0
184,-75736.47678787865,-75749.26714614035,0.0,25.134429194972654,0.1,180.32494473304442,180.32494473304442,45.081236183261105,0.0
185,-75121.35279768222,-75138.4366257617,0.0,14.791325657878547,0.1,178.86036380400532,178.86036380400532,44.71509095100133,0.0
186,-74414.39790494504,-74426.92613111984,0.0,21.590078760011007,0.1,177.17713786891676,177.17713786891676,44.29428446722919,0.0
187,-75452.84514995271,-75457.82894985376,0.0,23.594498535570224,0.1,179.64963130941123,179.64963130941123,44.91240782735281,0.0
188,-74719.92328053364,-74752.90014580214,0.0,28.20421430633505,0.1,177.9045792393658,177.9045792393658,44.47614480984145,0.0
189,-75483.39898008843,-75492.6871901906,0.0,27.862913906780793,0.1,179.7223785240201,179.7223785240201,44.93059463100502,0.0
190,-74747.52558955981,-74776.51914392567,0.0,29.623168414563843,0.1,177.97029902276145,177.97029902276145,44.49257475569036,0.0
191,-74421.65705507547,-74437.25335877467,0.0,21.76531611147213,0.1,177.1944215597035,177.1944215597035,44.298605389925875,0.0
192,-75259.22560990688,-75281.20784304301,0.0,26.967426927108747,0.1,179.1886324045402,179.1886324045402,44.79715810113505,0.0
193,-73575.50481162239,-73599.45674382267,0.0,28.175859008409848,0.1,175.17977336100572,175.17977336100572,43.79494334025143,0.0
194,-73795.79113069334,-73821.28665784653,0.0,22.32382394219716,0.1,175.70426459688892,175.70426459688892,43.92606614922223,0.0
195,-75171.47800724587,-75199.65194790221,0.0,25.987998023461998,0.1,178.9797095410616,178.9797095410616,44.7449273852654,0.0
196,-76101.91092189119,-76137.66353061744,0.0,21.55406090955216,0.1,181.19502600450284,181.19502600450284,45.29875650112571,0.0
197,-74096.64092244463,-74129.00056047628,0.0,25.989553917313238,0.1,176.42057362486815,176.42057362486815,44.10514340621704,0.0
198,-72136.0772632897,-72144.56308325355,0.0,22.58057082972839,0.1,171.75256491259452,171.75256491259452,42.93814122814863,0.0
199,-74752.40468329353,-74764.20121021158,0.0,27.120829732009582,0.1,177.98191591260365,177.98191591260365,44.49547897815091,0.0
200,-73295.36490328088,-73315.59325816123,0.0,22.131499980307105,0.1,174.5127735792402,174.5127735792402,43.62819339481005,0.0
201,-74974.81163366501,-74989.5680877424,0.0,35.71135179305932,0.1,178.511456270631,178.511456270631,44.62786406765775,0.0
202,-74273.90304907787,-74306.17848077888,0.0,27.18161834837016,0.1,176.84262630732826,176.84262630732826,44.210656576832065,0.0
203,-74512.85060068524,-74528.23063546693,0.0,25.600156633591308,0.1,177.41154904925057,177.41154904925057,44.35288726231264,0.0
204,-72579.98716641989,-72601.1223461472,0.0,19.886037174007974,0.1,172.80949325338068,172.80949325338068,43.20237331334517,0.0
205,-73619.69738578782,-73632.12362041358,0.0,16.657079630612053,0.1,175.28499377568528,175.28499377568528,43.82124844392132,0.0
206,-73840.41194657805,-73859.4041778041,0.0,28.235979698513706,0.1,175.81050463470967,175.81050463470967,43.95262615867742,0.0
207,-74476.33373007273,-74486.50186544974,0.0,32.869933816450164,0.1,177.3246041192208,177.3246041192208,44.3311510298052,0.0
208,-73791.3267723409,-73794.06911571087,0.0,17.6781255989509,0.1,175.69363517224025,175.69363517224025,43.92340879306006,0.0
209,-74459.76461797165,-74477.00913615726,0.0,30.235491513060772,0.1,177.28515385231347,177.28515385231347,44.32128846307837,0.0
210,-72515.54407924334,-72547.38335615791,0.0,22.7055786856553,0.1,172.65605733153174,172.65605733153174,43.164014332882935,0.0
211,-75233.4550940105,-75259.24190234482,0.0,24.807457652496463,0.1,179.12727403335833,179.12727403335833,44.78181850833958,0.0
212,-73717.58836879783,-73730.86209579842,0.0,29.41829968743336,0.1,175.51806754475678,175.51806754475678,43.879516886189194,0.0
213,-75715.50356913425,-75737.02679791838,0.0,17.118039215078753,0.1,180.2750084979387,180.2750084979387,45.068752124484675,0.0
214,-70432.61516436821,-70462.38056786548,0.0,31.900456770737257,0.1,167.6967027723053,167.6967027723053,41.92417569307632,0.0
215,-72006.64042233326,-72015.38479531817,0.0,26.979017667187044,0.1,171.44438195793634,171.44438195793634,42.861095489484086,0.0
216,-69526.8092148912,-69546.74951675402,0.0,26.303368829119535,0.1,165.54002194021714,165.54002194021714,41.385005485054286,0.0
217,-68319.305345138,-68328.80229359954,0.0,21.641883160309742,0.1,162.66501272651905,162.66501272651905,40.66625318162976,0.0
218,-67893.8700492156,-67908.61450850569,0.0,30.86364509629682,0.1,161.65207154575145,161.65207154575145,40.41301788643786,0.0
219,-69579.36915038408,-69599.80515193002,0.0,23.14692833956947,0.1,165.66516464377162,165.66516464377162,41.416291160942905,0.0
220,-67843.10828171905,-67865.82526882553,0.0,10.757286896849623,0.1,161.53121019456916,161.53121019456916,40.38280254864229,0.0
221,-66834.08723559135,-66860.57489259506,0.0,16.301431106109504,0.1,159.12877913236036,159.12877913236036,39.78219478309009,0.0
222,-69358.98785039222,-69370.3634409782,0.0,19.401650526869282,0.1,165.14044726283862,165.14044726283862,41.285111815709655,0.0
223,-69904.60709870345,-69906.66028394624,0.0,30.804133936892597,0.1,166.4395407111987,166.4395407111987,41.609885177799676,0.0
224,-68634.82528430228,-68645.14827228915,0.0,26.73251940865358,0.1,163.41625067691018,163.41625067691018,40.854062669227545,0.0
225,-68317.57668453884,-68332.10747875005,0.0,27.385204136115608,0.1,162.66089686794962,162.66089686794962,40.665224216987404,0.0
226,-68125.14923696953,-68140.91745588013,0.0,18.58503887905715,0.1,162.2027362784989,162.2027362784989,40.55068406962472,0.0
227,-71175.78026579156,-71200.74293398602,0.0,22.531217084193436,0.1,169.4661434899799,169.4661434899799,42.36653587249498,0.0
228,-70340.52823176084,-70339.96241277424,0.0,22.859424195170437,0.1,167.47744817085913,167.47744817085913,41.86936204271478,0.0
229,-72157.2947704127,-72187.30236831904,0.0,29.251108710567465,0.1,171.8030827866969,171.8030827866969,42.950770696674226,0.0
230,-71268.37664138745,-71279.89012004338,0.0,23.253711478407855,0.1,169.68661105092252,169.68661105092252,42.42165276273063,0.0
231,-68763.05163757669,-68774.83528706452,0.0,35.383739917804206,0.1,163.72155151803975,163.72155151803975,40.93038787950994,0.0
232,-69694.51900570503,-69713.33836022735,0.0,27.150208235955347,0.1,165.9393309659644,165.9393309659644,41.4848327414911,0.0
233,-70522.76100389601,-70548.06383843633,0.0,26.193945795132567,0.1,167.91133572356193,167.91133572356193,41.97783393089048,0.0
234,-71493.12342741754,-71505.53300595933,0.0,24.01825075457511,0.1,170.22172244623223,170.22172244623223,42.55543061155806,0.0
235,-72167.16879333017,-72181.45278073603,0.0,24.813888817450792,0.1,171.82659236507183,171.82659236507183,42.95664809126796,0.0
236,-73672.75045779016,-73695.02675322653,0.0,25.259729429036497,0.1,175.4113106137861,175.4113106137861,43.852827653446525,0.0
237,-72053.44155218812,-72075.76795296028,0.0,24.59641709945709,0.1,171.55581321949552,171.55581321949552,42.88895330487388,0.0
238,-70171.72950021546,-70187.51585211862,0.0,15.008996577339461,0.1,167.07554642908443,167.07554642908443,41.76888660727111,0.0
239,-72713.61083674926,-72737.77411349629,0.0,26.732442379489964,0.1,173.127644849403,173.127644849403,43.28191121235075,0.0
240,-73342.26634126191,-73367.24644236051,0.0,10.518723109031553,0.1,174.62444366967125,174.62444366967125,43.65611091741781,0.0
241,-75320.81218939679,-75356.6959364446,0.0,24.302051859224132,0.1,179.3352671176114,179.3352671176114,44.83381677940285,0.0
242,-73358.80118441724,-73384.88301258461,0.0,19.800470364372345,0.1,174.66381234385057,174.66381234385057,43.66595308596264,0.0
243,-74177.62475049357,-74198.7524895442,0.0,19.73292218413172,0.1,176.61339226307996,176.61339226307996,44.15334806576999,0.0
244,-73584.5542889655,-73593.31659935854,0.0,34.570156769333934,0.1,175.20131973563215,175.20131973563215,43.80032993390804,0.0
245,-73003.33312119848,-73016.42629719085,0.0,26.087164365898616,0.1,173.81745981237734,173.81745981237734,43.454364953094334,0.0
246,-75563.05182206901,-75586.7524993759,0.0,27.47840943986302,0.1,179.9120281477834,179.9120281477834,44.97800703694585,0.0
247,-75803.11517422624,-75819.61936327768,0.0,26.824805012331126,0.1,180.48360755768155,180.48360755768155,45.12090188942039,0.0
248,-75045.04594595113,-75084.08010180351,0.0,24.711906014832074,0.1,178.67868082369318,178.67868082369318,44.669670205923296,0.0
249,-73625.65240737383,-73642.66339784098,0.0,30.25327198003806,0.1,175.2991723985091,175.2991723985091,43.82479309962728,0.0
250,-73876.0022961134,-73902.05755544298,0.0,30.9351515278019,0.1,175.89524356217476,175.89524356217476,43.97381089054369,0.0
251,-74819.11499767988,-74840.50229990017,0.0,19.284975436347583,0.1,178.1407499944759,178.1407499944759,44.535187498618974,0.0
252,-76367.88180948637,-76399.21612480938,0.0,19.26827303490656,0.1,181.8282900225866,181.8282900225866,45.45707250564665,0.0
253,-74991.92529586707,-75009.95165051946,0.0,21.22862074990321,0.1,178.5522030853978,178.5522030853978,44.63805077134945,0.0
254,-74260.73466165506,-74275.09327818913,0.0,26.6438120515174,0.1,176.81127300394064,176.81127300394064,44.20281825098516,0.0
255,-74514.73778941574,-74532.95136157025,0.0,27.109603771176424,0.1,177.41604235575176,177.41604235575176,44.35401058893794,0.0
256,-74747.7563793659,-74778.8934920565,0.0,27.2676715075699,0.1,177.97084852229978,177.97084852229978,44.492712130574944,0.0
257,-72806.15430737466,-72818.71274102175,0.0,29.820435841441785,0.1,173.34798644613016,173.34798644613016,43.33699661153254,0.0
258,-73544.65809068563,-73571.55279557487,0.0,18.86196092431504,0.1,175.10632878734674,175.10632878734674,43.776582196836685,0.0
259,-74747.20922280158,-74768.18322350008,0.0,28.50586371155449,0.1,177.9695457685752,177.9695457685752,44.4923864421438,0.0
260,-75678.98554085576,-75691.00990582217,0.0,31.878534066558096,0.1,180.18806081156134,180.18806081156134,45.047015202890336,0.0
261,-74016.96921899528,-74030.46866312495,0.0,25.627882267357712,0.1,176.2308790928459,176.2308790928459,44.057719773211474,0.0
262,-74040.12713971476,-74053.39642147193,0.0,25.077895237907338,0.1,176.28601699932088,176.28601699932088,44.07150424983022,0.0
263,-75918.55394886079,-75922.59119799183,0.0,17.79974558702853,0.1,180.75846178300188,180.75846178300188,45.18961544575047,0.0
264,-75905.83642986332,-75936.78148049557,0.0,20.76519325840836,0.1,180.72818197586508,180.72818197586508,45.18204549396627,0.0
265,-74085.58808195427,-74090.6741584597,0.0,14.233049431981426,0.1,176.39425733798635,176.39425733798635,44.09856433449659,0.0
266,-75729.97047380316,-75738.58085632627,0.0,18.38455103296251,0.1,180.30945350905515,180.30945350905515,45.07736337726379,0.0
267,-74409.93657308328,-74441.35672468465,0.0,30.04908544671317,0.1,177.1665156501983,177.1665156501983,44.29162891254958,0.0
268,-74723.6122261757,-74731.73072272392,0.0,36.26217902672154,0.1,177.91336244327547,177.91336244327547,44.47834061081887,0.0
269,-74455.64267373146,-74480.46032860137,0.0,23.37584308245689,0.1,177.27533969936061,177.27533969936061,44.318834924840154,0.0
270,-75661.16792563869,-75651.17386848995,0.0,36.45471286295371,0.1,180.14563791818736,180.14563791818736,45.03640947954684,0.0
271,-75399.04036878982,-75400.14464412219,0.0,16.773006265215542,0.1,179.52152468759482,179.52152468759482,44.880381171898705,0.0
272,-74743.0075656362,-74768.2332699563,0.0,37.19876203169636,0.1,177.95954182294335,177.95954182294335,44.48988545573584,0.0
273,-75659.13867165415,-75687.98139983925,0.0,27.819545600261797,0.1,180.1408063610813,180.1408063610813,45.035201590270326,0.0
274,-74179.975662357,-74200.92320577365,0.0,29.26707779390154,0.1,176.6189896722786,176.6189896722786,44.15474741806965,0.0
275,-72839.70912199529,-72862.29840789315,0.0,26.405957119846878,0.1,173.42787886189356,173.42787886189356,43.35696971547339,0.0
276,-73616.37273165901,-73632.41474269853,0.0,24.687034360502388,0.1,175.27707793252145,175.27707793252145,43.81926948313036,0.0
277,-74727.53151833324,-74734.99187244457,0.0,23.59662461566613,0.1,177.92269409126962,177.92269409126962,44.480673522817405,0.0
278,-74906.87938534548,-74904.94981720352,0.0,24.50830186602625,0.1,178.34971282225118,178.34971282225118,44.587428205562794,0.0
279,-75369.03075124786,-75374.14484017635,0.0,19.482053413921143,0.1,179.45007321725683,179.45007321725683,44.86251830431421,0.0
280,-73257.11415307716,-73273.91309458869,0.0,31.960011431722997,0.1,174.42170036446944,174.42170036446944,43.60542509111736,0.0
281,-74975.17839282517,-74999.3615588852,0.0,17.147496981884114,0.1,178.51232950672662,178.51232950672662,44.628082376681654,0.0
282,-74463.85222724848,-74468.95594588279,0.0,29.70385593994108,0.1,177.29488625535356,177.29488625535356,44.32372156383839,0.0
283,-75884.22646857351,-75889.40159463813,0.0,23.876834250014877,0.1,180.67672968707978,180.67672968707978,45.169182421769946,0.0
284,-75294.3480736971,-75314.84859468734,0.0,20.158277725681824,0.1,179.27225731832644,179.27225731832644,44.81806432958161,0.0
285,-74756.05409473779,-74772.10784979924,0.0,18.329872525408977,0.1,177.99060498747093,177.99060498747093,44.49765124686773,0.0
286,-72317.715178663,-72326.70150222348,0.0,26.598909670712686,0.1,172.18503613967383,172.18503613967383,43.04625903491846,0.0
287,-74631.20346914763,-74630.27353181232,0.0,27.202373689801995,0.1,177.69334159320866,177.69334159320866,44.423335398302164,0.0
288,-74725.70025664632,-74740.50387865705,0.0,27.762449772085738,0.1,177.918333944396,177.918333944396,44.479583486099,0.0
289,-75923.3792984424,-75940.61843978305,0.0,31.82070214986922,0.1,180.76995071057718,180.76995071057718,45.192487677644294,0.0
290,-75692.50225483724,-75708.75449986372,0.0,22.852972294373735,0.1,180.22024346389819,180.22024346389819,45.055060865974546,0.0
291,-77208.12008366996,-77224.34305870028,0.0,27.71649014518194,0.1,183.82885734207133,183.82885734207133,45.95721433551783,0.0
292,-74469.48941921095,-74484.97801991421,0.0,25.202958456019413,0.1,177.30830814097845,177.30830814097845,44.32707703524461,0.0
293,-73830.29828105576,-73838.27836417769,0.0,21.68549541224526,0.1,175.7864244787042,175.7864244787042,43.94660611967605,0.0
294,-74060.0478396626,-74061.0217869446,0.0,33.7478837159347,0.1,176.33344723729192,176.33344723729192,44.08336180932298,0.0
295,-73080.96372247135,-73083.52509011744,0.0,21.53547401102046,0.1,174.00229457731274,174.00229457731274,43.500573644328185,0.0
296,-75452.3406788617,-75460.156606206,0.0,29.474621884722207,0.1,179.64843018776597,179.64843018776597,44.91210754694149,0.0
297,-74281.91903466472,-74293.9695378818,0.0,31.238710363368668,0.1,176.86171198729696,176.86171198729696,44.21542799682424,0.0
298,-74725.97759898439,-74734.24269274196,0.0,26.39497081111901,0.1,177.91899428329617,177.91899428329617,44.47974857082404,0.0
299,-75133.50692442548,-75140.15345389288,0.0,35.72574563886694,0.1,178.88930220101307,178.88930220101307,44.72232555025327,0.0
300,-74839.46749329532,-74842.59150910503,0.0,26.549103551135136,0.1,178.18920831736983,178.18920831736983,44.54730207934246,0.0
301,-74854.41669761406,-74875.75446642337,0.0,27.068995487257492,0.1,178.22480166098586,178.22480166098586,44.556200415246465,0.0
302,-73549.02808760607,-73562.1752110173,0.0,24.35089650133287,0.1,175.11673354191922,175.11673354191922,43.779183385479804,0.0
303,-73591.00600227014,-73606.44411698992,0.0,24.264989991857558,0.1,175.21668095778605,175.21668095778605,43.80417023944651,0.0
304,-73466.5527989224,-73491.19159009036,0.0,36.05261500795676,0.1,174.92036380695814,174.92036380695814,43.730090951739534,0.0
305,-73450.71334161377,-73460.13842376368,0.0,18.150985102104613,0.1,174.88265081336613,174.88265081336613,43.72066270334153,0.0
306,-75025.55582284695,-75039.67300236343,0.0,37.898546688271594,0.1,178.6322757686832,178.6322757686832,44.6580689421708,0.0
307,-75394.88719341427,-75401.85044773457,0.0,33.195584027220335,0.1,179.51163617479588,179.51163617479588,44.87790904369897,0.0
308,-74010.13349442616,-74041.91050256693,0.0,22.232058791460027,0.1,176.21460355815753,176.21460355815753,44.053650889539384,0.0
309,-74934.89855784262,-74955.58838863448,0.0,33.14198311564269,0.1,178.41642513772052,178.41642513772052,44.60410628443013,0.0
310,-75503.54215849665,-75514.75088108677,0.0,23.982098199488192,0.1,179.7703384726111,179.7703384726111,44.94258461815277,0.0
311,-74579.75652044486,-74588.93971130537,0.0,19.926216346535668,0.1,177.57084885820205,177.57084885820205,44.392712214550514,0.0
312,-72893.50007166454,-72902.00729621388,0.0,18.880298666188718,0.1,173.55595255158227,173.55595255158227,43.388988137895566,0.0
313,-73855.42560866609,-73870.76644334868,0.0,21.15013384470679,0.1,175.84625144920497,175.84625144920497,43.96156286230124,0.0
314,-74717.69018534121,-74735.02804445912,0.0,17.220521768981865,0.1,177.8992623460505,177.8992623460505,44.47481558651263,0.0
315,-72493.06364805109,-72511.37245037324,0.0,29.167644808044624,0.1,172.60253249535975,172.60253249535975,43.15063312383994,0.0
316,-75100.2769465961,-75095.33959017039,0.0,26.87028284923786,0.1,178.8101832061812,178.8101832061812,44.7025458015453,0.0
317,-73824.5985228505,-73851.87521277524,0.0,18.951794906543974,0.1,175.77285362583453,175.77285362583453,43.94321340645863,0.0
318,-75091.85084634296,-75123.57657021134,0.0,27.095095046830227,0.1,178.79012106272134,178.79012106272134,44.697530265680335,0.0
319,-74216.0124469307,-74223.96232837312,0.0,24.72115461171147,0.1,176.70479154031122,176.70479154031122,44.176197885077805,0.0
320,-74818.83094134128,-74839.4142104665,0.0,25.380026957062057,0.1,178.14007366986021,178.14007366986021,44.535018417465054,0.0
321,-76479.47412897358,-76499.86168889805,0.0,20.39663203460317,0.1,182.09398602136568,182.09398602136568,45.52349650534142,0.0
322,-72658.01044361027,-72674.70405185063,0.0,17.9314275154751,0.1,172.99526296097685,172.99526296097685,43.24881574024421,0.0
323,-75436.55842517225,-75450.44616455876,0.0,20.480461792676053,0.1,179.61085339326726,179.61085339326726,44.902713348316816,0.0
324,-75430.27052186854,-75437.91522244265,0.0,31.18046587605219,0.1,179.5958821949251,179.5958821949251,44.89897054873128,0.0
325,-71435.69994708149,-71461.61304828743,0.0,28.045690604535885,0.1,170.08499987400356,170.08499987400356,42.52124996850089,0.0
326,-75009.21061729343,-75013.2874896467,0.0,23.41795775152599,0.1,178.5933586126034,178.5933586126034,44.64833965315085,0.0
327,-74114.66073681635,-74141.79171381614,0.0,25.708584568199523,0.1,176.46347794480084,176.46347794480084,44.11586948620021,0.0
328,-75287.26691362113,-75325.46020902095,0.0,26.96658919697186,0.1,179.25539741338366,179.25539741338366,44.813849353345915,0.0
329,-76717.22493525913,-76734.14542642403,0.0,23.454417678987493,0.1,182.66005936966462,182.66005936966462,45.665014842416156,0.0
330,-74261.14766471107,-74277.48307375889,0.0,24.23765081809728,0.1,176.81225634455018,176.81225634455018,44.203064086137545,0.0
331,-76003.60796512176,-76025.68905188865,0.0,29.78351158397292,0.1,180.960971345528,180.960971345528,45.240242836382,0.0
332,-75379.44975008804,-75386.58985548296,0.0,18.34383523221111,0.1,179.47488035735248,179.47488035735248,44.86872008933812,0.0
333,-73728.8406123686,-73725.47855863757,0.0,27.539956634562717,0.1,175.54485860087763,175.54485860087763,43.88621465021941,0.0
334,-72763.18400810582,-72767.15034204409,0.0,14.235547035237586,0.1,173.24567620977575,173.24567620977575,43.31141905244394,0.0
335,-73080.82671737939,-73099.7125034247,0.0,37.46499758716395,0.1,174.00196837471282,174.00196837471282,43.500492093678204,0.0
336,-72984.4656780041,-72999.4049688887,0.0,29.19245387225821,0.1,173.7725373285812,173.7725373285812,43.4431343321453,0.0
337,-74092.12643399792,-74107.9447275834,0.0,24.505551734044285,0.1,176.4098248428522,176.4098248428522,44.10245621071305,0.0
338,-71818.85725363075,-71843.04801846063,0.0,23.548627279056742,0.1,170.99727917531132,170.99727917531132,42.74931979382783,0.0
339,-74802.99841969252,-74820.67234283323,0.0,26.608489030980067,0.1,178.1023771897441,178.1023771897441,44.52559429743602,0.0
340,-75202.614278234,-75210.93337369757,0.0,29.960211747682614,0.1,179.05384351960478,179.05384351960478,44.763460879901196,0.0
341,-76689.90640606386,-76703.1568084969,0.0,21.221274202535778,0.1,182.59501525253302,182.59501525253302,45.648753813133254,0.0
342,-76104.12726662772,-76124.49236506343,0.0,20.507660091044812,0.1,181.20030301578032,181.20030301578032,45.30007575394508,0.0
343,-75632.69181746623,-75647.97362903992,0.0,24.95440501677898,0.1,180.0778376606339,180.0778376606339,45.01945941515847,0.0
344,-75051.79750947279,-75077.6564651311,0.0,27.373491164399763,0.1,178.69475597493522,178.69475597493522,44.673688993733805,0.0
345,-74596.57872781644,-74611.32845822898,0.0,29.088831496001436,0.1,177.61090173289628,177.61090173289628,44.40272543322407,0.0
346,-75554.91199384679,-75583.81406933696,0.0,27.789051531759313,0.1,179.89264760439715,179.89264760439715,44.97316190109929,0.0
347,-73988.12533782469,-74003.22886402313,0.0,18.4408188382492,0.1,176.1622031852969,176.1622031852969,44.040550796324226,0.0
348,-74877.79799718148,-74882.14686055073,0.0,23.47387647822666,0.1,178.28047142186065,178.28047142186065,44.57011785546516,0.0
349,-72585.21857153147,-72594.12344950988,0.0,24.06514348507277,0.1,172.82194897983686,172.82194897983686,43.205487244959215,0.0
350,-71967.00451413385,-71982.57101338283,0.0,27.648463771783653,0.1,171.35001074793774,171.35001074793774,42.837502686984436,0.0
351,-75013.96390621523,-75028.25891843464,0.0,27.43250821913101,0.1,178.60467596717913,178.60467596717913,44.65116899179478,0.0
352,-71879.54945307222,-71895.19419722032,0.0,15.122667168230643,0.1,171.14178441207673,171.14178441207673,42.78544610301918,0.0
353,-75007.93562068725,-75013.54226674906,0.0,24.279562221391924,0.1,178.5903229063982,178.5903229063982,44.64758072659955,0.0
354,-73808.03372221692,-73810.93677478851,0.0,27.999643649981024,0.1,175.733413624326,175.733413624326,43.9333534060815,0.0
355,-74174.83098859739,-74205.13849692083,0.0,31.093809258486584,0.1,176.6067404490414,176.6067404490414,44.15168511226035,0.0
356,-73048.94365446345,-73061.80922575414,0.0,32.45363068424976,0.1,173.92605632015108,173.92605632015108,43.48151408003777,0.0
357,-72068.7530614484,-72085.23973602042,0.0,23.314570144409803,0.1,171.59226919392478,171.59226919392478,42.898067298481195,0.0
358,-70352.27336182819,-70361.13933519278,0.0,23.487651567559357,0.1,167.5054127662576,167.5054127662576,41.8763531915644,0.0
359,-73100.6314794673,-73111.74971128188,0.0,25.85208111187744,0.1,174.04912257016025,174.04912257016025,43.51228064254006,0.0
360,-71263.29484325023,-71279.90058306073,0.0,25.015230100767074,0.1,169.67451153154818,169.67451153154818,42.418627882887044,0.0
361,-68935.55215455635,-68954.92153625382,0.0,30.953231373931708,0.1,164.13226703465799,164.13226703465799,41.033066758664496,0.0
362,-68425.72955287462,-68450.22509422903,0.0,17.575510157750482,0.1,162.9184036973205,162.9184036973205,40.72960092433013,0.0
363,-67611.1359136995,-67600.59670235048,0.0,29.67159955619637,0.1,160.97889503261788,160.97889503261788,40.24472375815447,0.0
364,-68433.56640389739,-68434.89761691324,0.0,23.87617299053658,0.1,162.93706286642237,162.93706286642237,40.73426571660559,0.0
365,-68779.97666134892,-68783.27553108832,0.0,15.9900978120999,0.1,163.7618491936879,163.7618491936879,40.94046229842198,0.0
366,-67597.0828721125,-67617.49749939455,2.7755575615628914e-17,28.795775801513233,0.1,160.94543540979168,160.94543540979168,40.23635885244792,-8.260587980841938e-19
367,-68388.67152740968,-68397.90642340241,2.7755575615628914e-17,12.044788539275451,0.1,162.83017030335637,162.83017030335637,40.70754257583909,-8.260587980841938e-19
368,-71203.79466953834,-71213.33222505581,0.0,26.959020027012734,0.1,169.5328444512818,169.5328444512818,42.38321111282045,0.0
369,-69123.06336795977,-69123.27425227202,0.0,25.91679959889578,0.1,164.57872230466612,164.57872230466612,41.14468057616653,0.0
370,-71775.9862123888,-71790.83311389707,2.7755575615628914e-17,27.896457498005443,0.1,170.8952052675924,170.8952052675924,42.7238013168981,-8.260587980841938e-19
371,-69548.64192829613,-69564.83773198027,0.0,20.13465529559222,0.1,165.59200459118125,165.59200459118125,41.39800114779531,0.0
372,-69938.10681243094,-69965.07252744758,5.551115123125783e-17,24.20735213486515,0.1,166.5193019343594,166.5193019343594,41.62982548358985,-1.6521175961683876e-18
373,-69707.61845646429,-69722.3454110692,0.0,20.333660204634022,0.1,165.9705201344388,165.9705201344388,41.4926300336097,0.0
374,-69800.36983364026,-69810.93701112835,0.0,20.575986429865495,0.1,166.19135674676252,166.19135674676252,41.54783918669063,0.0
375,-69443.61089282458,-69456.88143222535,0.0,33.558542400711715,0.1,165.34193069720138,165.34193069720138,41.335482674300344,0.0
376,-71210.89647581946,-71212.17746439014,2.7755575615628914e-17,16.932193010616295,0.1,169.54975351385588,169.54975351385588,42.38743837846397,-8.260587980841938e-19
377,-69273.58140457408,-69303.29310784902,0.0,23.95338161424067,0.1,164.93709858231927,164.93709858231927,41.234274645579816,0.0
378,-71738.18182477792,-71746.49109739132,2.7755575615628914e-17,30.19952343698038,0.1,170.8051948208998,170.8051948208998,42.70129870522495,-8.260587980841938e-19
379,-70580.20017667934,-70589.14402128197,0.0,34.13004856773468,0.1,168.04809565876036,168.04809565876036,42.01202391469009,0.0
380,-70730.02860672242,-70751.80786543581,0.0,22.560442959271487,0.1,168.40483001600577,168.40483001600577,42.101207504001444,0.0
381,-72005.61061870474,-72042.1837008374,2.7755575615628914e-17,21.97142538498331,0.1,171.4419300445351,171.4419300445351,42.860482511133775,-8.260587980841938e-19
382,-73182.7112270914,-73205.13218081149,0.0,26.49646290203246,0.1,174.2445505406938,174.2445505406938,43.56113763517345,0.0
383,-70672.97411807772,-70700.9915309717,0.0,32.807555983634266,0.1,168.26898599542315,168.26898599542315,42.06724649885579,0.0
384,-73691.32652170837,-73706.64656319903,0.0,21.232910648269083,0.1,175.4555393374009,175.4555393374009,43.86388483435022,0.0
385,-71604.54948039088,-71624.14920182027,0.0,21.61142315123947,0.1,170.48702257235925,170.48702257235925,42.62175564308981,0.0
386,-73007.69599022254,-73042.8298626978,0.0,25.682676655413687,0.1,173.82784759576793,173.82784759576793,43.456961898941984,0.0
387,-73929.94797524236,-73941.29475972924,0.0,25.923401529324543,0.1,176.02368565533897,176.02368565533897,44.00592141383474,0.0
388,-72164.70663105857,-72166.23536816327,0.0,20.141929807446743,0.1,171.82073007394897,171.82073007394897,42.95518251848724,0.0
389,-71756.40055851219,-71783.40469759164,0.0,21.71552860514302,0.1,170.84857275836237,170.84857275836237,42.71214318959059,0.0
390,-72511.01767363603,-72515.5485638092,0.0,27.68326376263643,0.1,172.64528017532388,172.64528017532388,43.16132004383097,0.0
391,-72019.73413309258,-72046.59117463921,0.0,28.594766553325336,0.1,171.47555745974427,171.47555745974427,42.86888936493607,0.0
392,-73987.23681440593,-74012.19729126399,0.0,21.216024557152696,0.1,176.16008765334746,176.16008765334746,44.040021913336865,0.0
393,-72178.67283738934,-72179.45473072192,0.0,32.506668259777435,0.1,171.8539829461651,171.8539829461651,42.963495736541276,0.0
394,-75225.8557439687,-75237.62894558028,0.0,23.745834917724764,0.1,179.10918034278262,179.10918034278262,44.777295085695656,0.0
395,-72865.5116972055,-72893.79363862399,0.0,27.7811500470033,0.1,173.48931356477502,173.48931356477502,43.372328391193754,0.0
396,-72032.83011463787,-72052.38899235868,0.0,35.825011724505416,0.1,171.5067383681854,171.5067383681854,42.87668459204635,0.0
397,-72373.38482556875,-72381.94964326495,2.7755575615628914e-17,29.639200640406187,0.1,172.31758291802083,172.31758291802083,43.07939572950521,-8.260587980841938e-19
398,-72926.74622286289,-72942.31635411186,2.7755575615628914e-17,26.342961394316283,0.1,173.63511005443547,173.63511005443547,43.40877751360887,-8.260587980841938e-19
399,-72027.5233816865,-72057.80806595062,0.0,27.53917878144812,0.1,171.49410328972976,171.49410328972976,42.87352582243244,0.0
400,-71970.33838255516,-71990.72134334565,0.0,30.36253668654901,0.1,171.35794852989324,171.35794852989324,42.83948713247331,0.0
401,-73781.03621115779,-73792.38668386235,0.0,20.803951663304968,0.1,175.66913383608997,175.66913383608997,43.91728345902249,0.0
402,-74491.64500629202,-74496.1969143518,0.0,15.16821705311999,0.1,177.36105953879053,177.36105953879053,44.34026488469763,0.0
403,-73087.20839193367,-73122.77046323307,2.7755575615628914e-17,19.483958171391585,0.1,174.01716283793732,174.01716283793732,43.50429070948433,-8.260587980841938e-19
404,-73224.18399172463,-73236.97145548876,0.0,23.615933500555396,0.1,174.34329521839197,174.34329521839197,43.58582380459799,0.0
405,-73539.24790839785,-73557.32197537595,0.0,29.078686062696484,0.1,175.09344740094727,175.09344740094727,43.77336185023682,0.0
406,-72387.39548334351,-72411.00021822711,0.0,22.08461280715531,0.1,172.35094162700838,172.35094162700838,43.087735406752095,0.0
407,-71794.92787325491,-71808.25665611705,0.0,26.412899752441497,0.1,170.94030446013076,170.94030446013076,42.73507611503269,0.0
408,-74491.49327163842,-74504.00636037659,0.0,33.03672788009996,0.1,177.36069826580578,177.36069826580578,44.340174566451445,0.0
409,-74282.86765268492,-74302.7774022013,0.0,28.674388930249087,0.1,176.86397060163077,176.86397060163077,44.21599265040769,0.0
410,-74798.69707399337,-74820.32588668005,0.0,30.867369287426627,0.1,178.09213589046044,178.09213589046044,44.52303397261511,0.0
411,-75673.47930801183,-75690.28952359887,0.0,18.515840260220767,0.1,180.1749507333615,180.1749507333615,45.043737683340375,0.0
412,-71690.63090090644,-71709.62778042397,0.0,21.743215531040853,0.1,170.69197833549154,170.69197833549154,42.672994583872885,0.0
413,-75416.33345833737,-75426.04729151986,0.0,27.931820093775467,0.1,179.56269871032706,179.56269871032706,44.890674677581764,0.0
414,-73998.53042485041,-74025.91325556475,0.0,25.106357883680307,0.1,176.1869772020248,176.1869772020248,44.0467443005062,0.0
415,-73583.85687920231,-73601.9452093283,0.0,33.51107472317619,0.1,175.199659236196,175.199659236196,43.799914809049,0.0
416,-73047.0264575654,-73064.43398936029,0.0,38.008415570901974,0.1,173.92149156563192,173.92149156563192,43.48037289140798,0.0
417,-72926.60315116122,-72947.25824761754,2.7755575615628914e-17,16.19618620422091,0.1,173.63476940752673,173.63476940752673,43.40869235188168,-8.260587980841938e-19
418,-71857.0141564249,-71879.54757263596,0.0,26.90579192441389,0.1,171.08812894386884,171.08812894386884,42.77203223596721,0.0
419,-72954.55112699665,-72982.44865453748,0.0,28.36590675634979,0.1,173.7013122071349,173.7013122071349,43.42532805178372,0.0
420,-75221.03346905418,-75234.64890921435,0.0,18.878508818553172,0.1,179.0976987358433,179.0976987358433,44.774424683960824,0.0
421,-74002.88863459381,-74015.79840202096,0.0,20.7473977289535,0.1,176.19735389189003,176.19735389189003,44.04933847297251,0.0
422,-73688.79333870257,-73697.98810420452,0.0,27.94289202210305,0.1,175.44950794929184,175.44950794929184,43.86237698732296,0.0
423,-71862.72717524959,-71894.4262202931,0.0,26.973357649114906,0.1,171.1017313696419,171.1017313696419,42.775432842410474,0.0
424,-73709.00106289667,-73712.04223227632,0.0,27.223013341100703,0.1,175.49762157832544,175.49762157832544,43.87440539458136,0.0
425,-74336.763057579,-74363.72937244545,0.0,21.95108547840309,0.1,176.99229299423573,176.99229299423573,44.24807324855893,0.0
426,-73010.97603444077,-73024.63586277404,0.0,25.073440973645987,0.1,173.83565722485898,173.83565722485898,43.458914306214744,0.0
427,-72691.34126644912,-72698.4922833183,0.0,28.241402169219295,0.1,173.0746220629741,173.0746220629741,43.268655515743525,0.0
428,-73171.3974711726,-73185.18798968653,0.0,27.097662219535138,0.1,174.21761302660144,174.21761302660144,43.55440325665036,0.0
429,-74809.4067296764,-74815.53180789837,0.0,22.812708498382946,0.1,178.1176350706581,178.1176350706581,44.52940876766453,0.0
430,-73392.86113203394,-73415.08494561222,0.0,23.135834239541165,0.1,174.74490745722366,174.74490745722366,43.686226864305915,0.0
431,-72755.01340386394,-72787.28304237626,0.0,23.001819071926988,0.1,173.22622239015223,173.22622239015223,43.30655559753806,0.0
432,-73583.40618145817,-73600.65302871568,0.0,29.662954159365448,0.1,175.19858614632898,175.19858614632898,43.799646536582244,0.0
433,-73648.00289140454,-73648.81923407521,0.0,16.19595594009612,0.1,175.35238783667748,175.35238783667748,43.83809695916937,0.0
434,-72568.42907327563,-72568.17251012994,0.0,31.31292051713591,0.1,172.78197398398962,172.78197398398962,43.195493495997404,0.0
435,-73625.30804199884,-73634.78946053992,0.0,37.79099642834126,0.1,175.29835248094963,175.29835248094963,43.82458812023741,0.0
436,-73226.59224537414,-73235.94976938756,0.0,25.922756515985185,0.1,174.34902915565272,174.34902915565272,43.58725728891318,0.0
437,-72979.41437876286,-73009.83547828853,0.0,35.03046444079561,0.1,173.76051042562585,173.76051042562585,43.44012760640646,0.0
438,-74841.37970607933,-74876.99474184569,2.7755575615628914e-17,31.041831152965713,0.1,178.1937612049508,178.1937612049508,44.5484403012377,-8.260587980841938e-19
439,-72962.5791192573,-72987.81974451541,0.0,27.962634746005914,0.1,173.72042647442214,173.72042647442214,43.430106618605535,0.0
440,-73979.2145936073,-74001.99820436897,0.0,22.244071418357333,0.1,176.14098712763646,176.14098712763646,44.035246781909116,0.0
441,-74727.14389588624,-74733.96190705201,0.0,24.98312771294524,0.1,177.92177118068153,177.92177118068153,44.48044279517038,0.0
442,-71910.62333089486,-71923.92148466961,0.0,22.733859753363625,0.1,171.21576983546396,171.21576983546396,42.80394245886599,0.0
443,-72913.94347366359,-72935.90734813815,0.0,29.776526042852552,0.1,173.60462731824666,173.60462731824666,43.401156829561664,0.0
444,-72881.02233882106,-72896.90640768397,0.0,32.38765040527631,0.1,173.52624366385967,173.52624366385967,43.38156091596492,0.0
445,-72154.34864262407,-72157.93175148274,0.0,24.03170270360141,0.1,171.79606819672398,171.79606819672398,42.949017049180995,0.0
446,-71539.90992063734,-71547.74169743131,0.0,15.6673169146347,0.1,170.33311885866033,170.33311885866033,42.58327971466508,0.0
447,-70226.1631219431,-70240.33631508467,0.0,24.39126245808358,0.1,167.20515029034073,167.20515029034073,41.80128757258518,0.0
448,-71751.23723326532,-71781.37173069773,0.0,28.154058422773886,0.1,170.83627912682218,170.83627912682218,42.709069781705544,0.0
449,-72263.51883532049,-72268.2769670772,0.0,34.27046283167094,0.1,172.05599722695356,172.05599722695356,43.01399930673839,0.0
450,-73275.12680437004,-73302.33714132529,0.0,27.91048851734308,0.1,174.4645876294525,174.4645876294525,43.616146907363124,0.0
451,-70537.89000937715,-70550.62516838865,0.0,20.202803816382602,0.1,167.9473571651837,167.9473571651837,41.98683929129592,0.0
452,-70626.85067022768,-70638.12860246697,0.0,30.44374309852093,0.1,168.15916826244688,168.15916826244688,42.03979206561172,0.0
453,-71582.34706026837,-71616.19292332772,0.0,32.71621764136094,0.1,170.43415966730564,170.43415966730564,42.60853991682641,0.0
454,-69456.32180988917,-69466.43331567131,0.0,19.401912833554945,0.1,165.3721947854504,165.3721947854504,41.3430486963626,0.0
455,-70468.5842356369,-70484.993098106,0.0,16.157803172185744,0.1,167.7823434181831,167.7823434181831,41.945585854545776,0.0
456,-71953.8452534499,-71972.07693059173,0.0,24.261987068506656,0.1,171.3186791748807,171.3186791748807,42.82966979372018,0.0
457,-70991.05064164693,-71001.39027662824,0.0,17.02648466366602,0.1,169.02631105154032,169.02631105154032,42.25657776288508,0.0
458,-72151.14534836901,-72171.2813494347,0.0,22.336495801690443,0.1,171.78844130564053,171.78844130564053,42.94711032641013,0.0
459,-71207.02336853246,-71210.32420017537,0.0,10.638688933591753,0.1,169.5405318298392,169.5405318298392,42.3851329574598,0.0
460,-71865.97912173631,-71880.7039726858,0.0,33.86125798334872,0.1,171.10947409937216,171.10947409937216,42.77736852484304,0.0
461,-71023.76948833767,-71055.38208048315,0.0,22.714518717068643,0.1,169.10421306747065,169.10421306747065,42.27605326686766,0.0
462,-72269.4323366708,-72278.41021606718,0.0,27.34387128037512,0.1,172.07007699207333,172.07007699207333,43.01751924801833,0.0
463,-73841.86786614823,-73846.88401175634,0.0,26.50895949909733,0.1,175.81397110987675,175.81397110987675,43.95349277746919,0.0
464,-71134.71210899495,-71157.3729117788,0.0,31.13466611942154,0.1,169.3683621642737,169.3683621642737,42.34209054106842,0.0
465,-74025.16920513353,-74039.16766436872,0.0,23.98163124911517,0.1,176.25040286936556,176.25040286936556,44.06260071734139,0.0
466,-72469.64931410868,-72475.86948824112,0.0,20.8655982298007,0.1,172.54678408121114,172.54678408121114,43.136696020302786,0.0
467,-74225.90371642438,-74238.63892750537,0.0,26.83682753408089,0.1,176.7283421819628,176.7283421819628,44.1820855454907,0.0
468,-72406.52648406505,-72430.66233032738,0.0,20.984105246598276,0.1,172.39649162872632,172.39649162872632,43.09912290718158,0.0
469,-72087.42024831877,-72117.34713400836,2.7755575615628914e-17,23.644381994787157,0.1,171.63671487694947,171.63671487694947,42.90917871923737,-8.260587980841938e-19
470,-70943.82419624925,-70958.61052330576,0.0,21.263941604260882,0.1,168.9138671339268,168.9138671339268,42.2284667834817,0.0
471,-74232.63601327539,-74223.39361067266,5.551115123125783e-17,29.42022698180525,0.1,176.7443714601795,176.7443714601795,44.18609286504488,-1.6521175961683876e-18
472,-72560.17766940739,-72582.54610837832,0.0,23.593362214408934,0.1,172.76232778430332,172.76232778430332,43.19058194607583,0.0
473,-72943.71748068355,-72959.38738785581,0.0,27.579696088520496,0.1,173.6755178111513,173.6755178111513,43.41887945278783,0.0
474,-71650.08692155556,-71649.4614629867,0.0,22.354736613268525,0.1,170.59544505132277,170.59544505132277,42.64886126283069,0.0
475,-71189.26006339406,-71212.20271019028,0.0,18.728552884153753,0.1,169.49823824617636,169.49823824617636,42.37455956154409,0.0
476,-73189.90687174308,-73207.84245106475,2.7755575615628914e-17,18.217090976882975,0.1,174.26168302795972,174.26168302795972,43.56542075698993,-8.260587980841938e-19
477,-71023.52986511233,-71043.19416493666,0.0,24.821792588512583,0.1,169.10364253598175,169.10364253598175,42.27591063399544,0.0
478,-73494.05561754726,-73492.9042993882,0.0,30.823696772285857,0.1,174.98584670844588,174.98584670844588,43.74646167711147,0.0
479,-73558.44506244648,-73566.0991466785,0.0,20.948737814928094,0.1,175.13915491058685,175.13915491058685,43.78478872764671,0.0
480,-72796.19926214004,-72813.20495411236,0.0,30.743186747143575,0.1,173.3242839574763,173.3242839574763,43.331070989369074,0.0
481,-72946.80590733333,-72951.64768914354,0.0,25.30839924923986,0.1,173.6828712079365,173.6828712079365,43.420717801984125,0.0
482,-72108.10683503652,-72127.39500003983,0.0,28.46552803631572,0.1,171.68596865484886,171.68596865484886,42.921492163712216,0.0
483,-72650.69309174636,-72667.45750729913,0.0,23.164860804583387,0.1,172.97784069463418,172.97784069463418,43.244460173658545,0.0
484,-73649.58163651204,-73656.30573430556,0.0,25.430719415231874,0.1,175.35614675360011,175.35614675360011,43.83903668840003,0.0
485,-73493.79333184788,-73498.07194172802,0.0,10.393247582526964,0.1,174.98522221868544,174.98522221868544,43.74630555467136,0.0
486,-72178.83344442285,-72198.19904246443,0.0,29.519674205430977,0.1,171.85436534386395,171.85436534386395,42.96359133596599,0.0
487,-73566.71148564926,-73558.08216129383,0.0,19.95134647645031,0.1,175.15883687059346,175.15883687059346,43.789709217648365,0.0
488,-72210.7969730649,-72231.98851567495,0.0,35.2874773485585,0.1,171.93046898348788,171.93046898348788,42.98261724587197,0.0
489,-71737.3133338961,-71752.52127097287,0.0,21.35998529385433,0.1,170.80312698546692,170.80312698546692,42.70078174636673,0.0
490,-72385.54515265873,-72398.71618824768,0.0,31.874382095740923,0.1,172.34653607775888,172.34653607775888,43.08663401943972,0.0
491,-72857.40816272289,-72865.94852093165,0.0,21.00403996674873,0.1,173.47001943505452,173.47001943505452,43.36750485876363,0.0
492,-72245.7294391967,-72255.90200397489,0.0,20.233356958706437,0.1,172.01364152189691,172.01364152189691,43.00341038047423,0.0
493,-70868.5052489672,-70884.73195212714,0.0,33.1233922923478,0.1,168.73453630706476,168.73453630706476,42.18363407676619,0.0
494,-70689.1868518966,-70707.41764462776,5.551115123125783e-17,23.738232489368563,0.1,168.30758774261093,168.30758774261093,42.076896935652734,-1.6521175961683876e-18
495,-73054.62702861127,-73066.70891592212,0.0,17.184045956516716,0.1,173.93958816336018,173.93958816336018,43.484897040840046,0.0
496,-72741.28313269606,-72765.11423046753,0.0,24.61081401493599,0.1,173.19353126832397,173.19353126832397,43.29838281708099,0.0
497,-73081.61671286673,-73094.81191373082,0.0,40.965537839224304,0.1,174.00384931634937,174.00384931634937,43.50096232908734,0.0
498,-70366.7401057412,-70384.72763482486,0.0,21.24104474952408,0.1,167.53985739462192,167.53985739462192,41.88496434865548,0.0
499,-72069.4726706713,-72080.20909470924,2.7755575615628914e-17,30.742228545983775,0.1,171.5939825492174,171.5939825492174,42.89849563730435,-8.260587980841938e-19
500,-69478.9896395744,-69495.12234367977,0.0,17.808610108413166,0.1,165.4261658085105,165.4261658085105,41.35654145212762,0.0
501,-69758.05682879723,-69782.24911814298,0.0,21.65927957230503,0.1,166.09061149713628,166.09061149713628,41.52265287428407,0.0
502,-71896.90588563577,-71930.63886339795,2.7755575615628914e-17,30.400240328573243,0.1,171.18310925151377,171.18310925151377,42.79577731287844,-8.260587980841938e-19
503,-68273.79253106653,-68284.31931210995,0.0,31.405081808675565,0.1,162.55664888349176,162.55664888349176,40.63916222087294,0.0
504,-67210.75509390097,-67226.43364900624,0.0,29.263868375611096,0.1,160.02560736643088,160.02560736643088,40.00640184160772,0.0
505,-67732.78586352587,-67752.63319169881,0.0,20.768216725045633,0.1,161.2685377702997,161.2685377702997,40.317134442574925,0.0
506,-66352.69860148769,-66361.26310316451,0.0,30.149804087905807,0.1,157.98261571782783,157.98261571782783,39.49565392945696,0.0
507,-68582.09197170773,-68593.74421838667,0.0,22.981757683790015,0.1,163.2906951707327,163.2906951707327,40.822673792683176,0.0
508,-67691.03817487328,-67696.48694907979,0.0,27.117995327967307,0.1,161.16913851160305,161.16913851160305,40.29228462790076,0.0
509,-67982.77182852775,-68018.39707772018,0.0,19.662335428728635,0.1,161.8637424488756,161.8637424488756,40.4659356122189,0.0
510,-67917.27022601935,-67932.51242058608,2.7755575615628914e-17,32.061102777077146,0.1,161.70778625242704,161.70778625242704,40.42694656310676,-8.260587980841938e-19
511,-67309.44681501038,-67323.65040109793,0.0,27.26185898124867,0.1,160.2605876547866,160.2605876547866,40.06514691369665,0.0
512,-67159.64516518764,-67164.02122990617,0.0,27.141535486038244,0.1,159.90391705997058,159.90391705997058,39.975979264992645,0.0
513,-66750.78748654453,-66763.91604389448,0.0,29.928649978399314,0.1,158.93044639653462,158.93044639653462,39.732611599133655,0.0
514,-67960.96434389646,-67987.83820441211,2.7755575615628914e-17,37.94781821009307,0.1,161.81181986642014,161.81181986642014,40.452954966605034,-8.260587980841938e-19
515,-66167.66362332877,-66188.45995506091,0.0,26.628981582910832,0.1,157.54205624602088,157.54205624602088,39.38551406150522,0.0
516,-68127.96373538145,-68144.90757839722,0.0,23.23416853594656,0.1,162.20943746519393,162.20943746519393,40.55235936629848,0.0
517,-69911.62971977187,-69930.01455820649,0.0,23.522992949304854,0.1,166.45626123755207,166.45626123755207,41.61406530938802,0.0
518,-68801.55527150331,-68818.23988126601,0.0,31.5879876780398,0.1,163.81322683691263,163.81322683691263,40.95330670922816,0.0
519,-69361.17154665614,-69366.10612100335,0.0,30.699392805645225,0.1,165.1456465396575,165.1456465396575,41.28641163491437,0.0
520,-69551.05548112563,-69579.22663179903,2.7755575615628914e-17,24.409657365044605,0.1,165.59775114553722,165.59775114553722,41.399437786384304,-8.260587980841938e-19
521,-71011.48393536496,-71005.26538637487,0.0,21.960890064527838,0.1,169.07496175086894,169.07496175086894,42.268740437717234,0.0
522,-70147.01302353635,-70174.98296900195,0.0,24.88565968850559,0.1,167.01669767508653,167.01669767508653,41.75417441877163,0.0
523,-69417.16570686511,-69422.17268454217,2.7755575615628914e-17,22.47612539385891,0.1,165.27896596872648,165.27896596872648,41.31974149218162,-8.260587980841938e-19
524,-68013.44666209354,-68036.85286235859,0.0,27.7336678410069,0.1,161.9367777668894,161.9367777668894,40.48419444172235,0.0
525,-67460.07704277447,-67472.68772178277,2.7755575615628914e-17,23.165877940926563,0.1,160.61923105422494,160.61923105422494,40.154807763556235,-8.260587980841938e-19
526,-68916.08265476272,-68927.16507327228,0.0,20.387949077507486,0.1,164.08591108276838,164.08591108276838,41.021477770692094,0.0
527,-70456.736372169,-70487.8901290637,0.0,23.3883976539433,0.1,167.75413421945,167.75413421945,41.9385335548625,0.0
528,-70965.87512215624,-70993.0467073645,0.0,32.60658025961226,0.1,168.96636933846725,168.96636933846725,42.24159233461681,0.0
529,-70111.85702107933,-70136.84013006081,0.0,22.841898436409757,0.1,166.93299290733174,166.93299290733174,41.733248226832934,0.0
530,-70621.34642646095,-70640.38372736431,0.0,24.879021968045418,0.1,168.1460629201451,168.1460629201451,42.03651573003628,0.0
531,-69174.12400592536,-69180.08698731806,0.0,26.621796408608017,0.1,164.70029525220326,164.70029525220326,41.175073813050815,0.0
532,-70289.8750354417,-70293.0846375301,0.0,30.93839694230782,0.1,167.35684532248024,167.35684532248024,41.83921133062006,0.0
533,-71582.98774425389,-71593.34157128091,0.0,26.005798279364196,0.1,170.4356851053664,170.4356851053664,42.6089212763416,0.0
534,-73104.77210509527,-73122.60498381073,0.0,23.705475131479613,0.1,174.05898120260778,174.05898120260778,43.514745300651946,0.0
535,-71960.94848078207,-71981.81541879682,0.0,22.62548171688738,0.1,171.3355916209097,171.3355916209097,42.833897905227424,0.0
536,-72886.70243648035,-72910.41540945493,2.7755575615628914e-17,18.270101598766257,0.1,173.5397677059056,173.5397677059056,43.3849419264764,-8.260587980841938e-19
537,-69673.19672190068,-69689.46051769613,0.0,34.694644995291426,0.1,165.88856362357305,165.88856362357305,41.47214090589326,0.0
538,-68677.3877671334,-68682.38445388735,2.7755575615628914e-17,21.611275147375743,0.1,163.5175899217462,163.5175899217462,40.87939748043655,-8.260587980841938e-19
539,-67878.51583751659,-67898.65491601318,2.7755575615628914e-17,25.89790890969799,0.1,161.61551389884903,161.61551389884903,40.40387847471226,-8.260587980841938e-19
540,-70394.54274727759,-70413.04904827033,5.551115123125783e-17,27.445935650738317,0.1,167.60605416018475,167.60605416018475,41.90151354004619,-1.6521175961683876e-18
541,-69102.13393467554,-69123.48114936116,0.0,30.548499209781117,0.1,164.52889032065607,164.52889032065607,41.13222258016402,0.0
542,-67923.91173188307,-67943.00991845236,2.7755575615628914e-17,23.793711726907286,0.1,161.72359936162636,161.72359936162636,40.43089984040659,-8.260587980841938e-19
543,-70060.88798356349,-70082.61372057551,2.7755575615628914e-17,34.49940967447608,0.1,166.81163805610353,166.81163805610353,41.70290951402588,-8.260587980841938e-19
544,-68384.84366974364,-68398.51733227982,2.7755575615628914e-17,20.127353476646793,0.1,162.82105635653247,162.82105635653247,40.70526408913312,-8.260587980841938e-19
545,-67987.47745475789,-68013.54826145075,0.0,24.398094180232007,0.1,161.87494632085213,161.87494632085213,40.46873658021303,0.0
546,-66586.57036215816,-66579.84366669803,0.0,29.23710838575211,0.1,158.5394532432337,158.5394532432337,39.63486331080843,0.0
547,-65605.96340229694,-65615.6101204374,2.7755575615628914e-17,24.547333588479198,0.1,156.2046747673737,156.2046747673737,39.05116869184342,-8.260587980841938e-19
548,-70915.91527380476,-70934.23507711044,0.0,25.952498398895333,0.1,168.84741731858276,168.84741731858276,42.21185432964569,0.0
549,-70459.33378116103,-70481.42829933242,0.0,22.822568147150783,0.1,167.76031852657388,167.76031852657388,41.94007963164347,0.0
550,-74033.52935876006,-74053.66041674183,0.0,23.702266612080415,0.1,176.27030799704775,176.27030799704775,44.06757699926194,0.0
551,-72465.68301918788,-72488.07112399676,0.0,28.076837420065267,0.1,172.53734052187593,172.53734052187593,43.13433513046898,0.0
552,-72101.46990925369,-72107.11552223325,0.0,30.42991058087516,0.1,171.67016645060403,171.67016645060403,42.91754161265101,0.0
553,-72988.35246417312,-72997.99282972197,0.0,29.040288991405724,0.1,173.7817915813646,173.7817915813646,43.44544789534115,0.0
554,-69883.01965766918,-69901.6925308032,0.0,34.190918383975614,0.1,166.3881420420695,166.3881420420695,41.59703551051737,0.0
555,-70918.50524801877,-70931.27058819505,2.7755575615628914e-17,23.253416019409013,0.1,168.85358392385422,168.85358392385422,42.213395980963554,-8.260587980841938e-19
556,-70569.67427442652,-70584.48007836765,0.0,23.484101085828623,0.1,168.0230339867298,168.0230339867298,42.00575849668245,0.0
557,-69671.75937122713,-69694.75879024656,0.0,16.91844695781706,0.1,165.8851413600646,165.8851413600646,41.47128534001615,0.0
558,-71824.1209860459,-71828.58416185444,0.0,19.660985392104035,0.1,171.0098118715379,171.0098118715379,42.75245296788447,0.0
559,-69733.57264058782,-69758.07571650756,2.7755575615628914e-17,33.553066862909624,0.1,166.0323158109234,166.0323158109234,41.50807895273085,-8.260587980841938e-19
560,-70057.98830296259,-70071.94381077721,2.7755575615628914e-17,24.155891384049948,0.1,166.80473405467285,166.80473405467285,41.70118351366821,-8.260587980841938e-19
561,-70502.36664580612,-70518.06716743726,0.0,30.809391513040953,0.1,167.86277772810982,167.86277772810982,41.965694432027455,0.0
562,-67812.82188908641,-67818.5483577445,0.0,26.191844913673926,0.1,161.45909973592,161.45909973592,40.36477493398,0.0
563,-68974.97399061805,-68999.72596691587,0.0,27.505470849699226,0.1,164.22612854909062,164.22612854909062,41.056532137272654,0.0
564,-69234.13957208034,-69251.03538824632,0.0,30.005230462835705,0.1,164.84318945733418,164.84318945733418,41.210797364333544,0.0
565,-69179.42679105395,-69167.39446812395,0.0,28.38937659765454,0.1,164.71292093108084,164.71292093108084,41.17823023277021,0.0
566,-68695.46967365255,-68703.92891682127,2.7755575615628914e-17,15.846835515717716,0.1,163.56064208012512,163.56064208012512,40.89016052003128,-8.260587980841938e-19
567,-66918.37630821252,-66938.48833420777,0.0,31.86829272581479,0.1,159.32946740050602,159.32946740050602,39.832366850126505,0.0
568,-67823.03522553107,-67836.66074038479,0.0,29.764372736014693,0.1,161.48341720364542,161.48341720364542,40.370854300911354,0.0
569,-67408.2334077363,-67439.35619031619,0.0,31.57457226792024,0.1,160.4957938279436,160.4957938279436,40.1239484569859,0.0
570,-67811.20723124463,-67842.60687653834,0.0,28.71063745535946,0.1,161.4552553124872,161.4552553124872,40.3638138281218,0.0
571,-67547.92864362389,-67563.6829800129,0.0,16.990170940514158,0.1,160.82840153243782,160.82840153243782,40.207100383109456,0.0
572,-68904.96643634586,-68917.50581146457,2.7755575615628914e-17,20.783767023419042,0.1,164.05944389606157,164.05944389606157,41.01486097401539,-8.260587980841938e-19
573,-67173.89892940855,-67210.60835658353,0.0,24.120570937838316,0.1,159.93785459382988,159.93785459382988,39.98446364845747,0.0
574,-67223.95723434376,-67240.18928241161,2.7755575615628914e-17,27.75742688020234,0.1,160.0570410341518,160.0570410341518,40.01426025853795,-8.260587980841938e-19
575,-66879.8085181863,-66895.24454265002,0.0,33.47525520215376,0.1,159.237639329015,159.237639329015,39.80940983225375,0.0
576,-69050.40378646126,-69059.17729284392,0.0,25.973037276186215,0.1,164.40572330109825,164.40572330109825,41.10143082527456,0.0
577,-69004.01071369562,-69011.58600783865,0.0,18.39988744389647,0.1,164.2952636040372,164.2952636040372,41.0738159010093,0.0
578,-66279.1266545366,-66288.00896362754,0.0,24.81481601475794,0.1,157.8074444155633,157.8074444155633,39.45186110389083,0.0
579,-66720.98777663537,-66731.6947543902,0.0,21.53789510063072,0.1,158.8594947062747,158.8594947062747,39.71487367656867,0.0
580,-66176.97897862246,-66177.91580398574,0.0,24.584472136856526,0.1,157.56423566338682,157.56423566338682,39.391058915846706,0.0
581,-68043.27544303483,-68043.22823929452,0.0,28.80027981844801,0.1,162.00779867389247,162.00779867389247,40.50194966847312,0.0
582,-67056.91652196363,-67072.74091949298,0.0,17.71224250267535,0.1,159.65932505229438,159.65932505229438,39.914831263073594,0.0
583,-65266.338106985255,-65278.246016214754,0.0,21.239217972047083,0.1,155.39604311186966,155.39604311186966,38.849010777967415,0.0
584,-67299.13296239085,-67317.32470749505,2.7755575615628914e-17,31.70225223011572,0.1,160.23603086283538,160.23603086283538,40.059007715708844,-8.260587980841938e-19
585,-65672.36155253652,-65668.60982784006,0.0,25.575130395737087,0.1,156.36276560127743,156.36276560127743,39.09069140031936,0.0
586,-68451.19155688217,-68464.5902289265,0.0,28.356700382252328,0.1,162.97902751638614,162.97902751638614,40.744756879096535,0.0
587,-66956.81059730926,-66973.94256359164,0.0,21.240153341305906,0.1,159.4209776126411,159.4209776126411,39.85524440316028,0.0
588,-68869.94134596609,-68881.75080660942,0.0,21.019870715982556,0.1,163.9760508237288,163.9760508237288,40.9940127059322,0.0
589,-66523.28087484199,-66549.04094622798,0.0,25.10655824335971,0.1,158.38876398771905,158.38876398771905,39.59719099692976,0.0
590,-69531.24631932628,-69565.25822618381,0.0,24.696695930926897,0.1,165.5505864745864,165.5505864745864,41.3876466186466,0.0
591,-68063.11602677144,-68071.03195910234,0.0,17.431428036935863,0.1,162.05503815897964,162.05503815897964,40.51375953974491,0.0
592,-69745.61924963957,-69742.58785287701,0.0,17.079320284972553,0.1,166.06099821342755,166.06099821342755,41.51524955335689,0.0
593,-68945.00233018042,-68962.67359669053,0.0,27.54362511614967,0.1,164.15476745281052,164.15476745281052,41.03869186320263,0.0
594,-68252.06019083514,-68251.24828381481,0.0,29.475191570380577,0.1,162.50490521627415,162.50490521627415,40.62622630406854,0.0
595,-66796.20114505022,-66806.37053453339,0.0,25.733965059927748,0.1,159.03857415488147,159.03857415488147,39.75964353872037,0.0
596,-67719.07472044697,-67750.19692672952,0.0,29.48419657932766,0.1,161.23589219154042,161.23589219154042,40.308973047885104,0.0
597,-65990.10537137225,-66002.42006489319,2.7755575615628914e-17,20.544038872923565,0.1,157.1192985032673,157.1192985032673,39.27982462581682,-8.260587980841938e-19
598,-66584.99645813326,-66578.47830411997,0.0,21.4042334037879,0.1,158.53570585269824,158.53570585269824,39.63392646317456,0.0
599,-66756.38621380355,-66769.27491141527,5.551115123125783e-17,20.06410236424408,0.1,158.94377669953226,158.94377669953226,39.735944174883066,-1.6521175961683876e-18
600,-66984.43580945482,-66998.1232397839,0.0,25.384259414793842,0.1,159.4867519272734,159.4867519272734,39.87168798181835,0.0
601,-66944.75085438692,-66957.50229456884,0.0,21.7499870958827,0.1,159.3922639390165,159.3922639390165,39.84806598475412,0.0
602,-67170.1818606507,-67186.86840737036,0.0,27.209703247847045,0.1,159.92900443012073,159.92900443012073,39.98225110753018,0.0
603,-67866.811852885,-67870.90786211057,0.0,32.054661898731354,0.1,161.58764726877382,161.58764726877382,40.396911817193455,0.0
604,-67042.69444505406,-67056.70856373121,2.7755575615628914e-17,25.094248114724238,0.1,159.62546296441445,159.62546296441445,39.90636574110361,-8.260587980841938e-19
605,-66313.07269028196,-66335.15483451453,0.0,26.166080656317508,0.1,157.88826831019514,157.88826831019514,39.472067077548786,0.0
606,-65824.50988177011,-65849.04124810924,0.0,26.43562082600912,0.1,156.72502352802408,156.72502352802408,39.18125588200602,0.0
607,-67598.74440922681,-67607.6200354804,0.0,26.80751762603051,0.1,160.94939145054005,160.94939145054005,40.23734786263501,0.0
608,-68331.95551257397,-68335.51825050077,0.0,25.542798528882617,0.1,162.69513217279518,162.69513217279518,40.673783043198796,0.0
609,-67844.42232187557,-67859.09002196912,2.7755575615628914e-17,23.959415713637302,0.1,161.53433886160852,161.53433886160852,40.38358471540213,-8.260587980841938e-19
610,-66438.00306149204,-66451.71768637765,0.0,15.590754772511804,0.1,158.18572157498107,158.18572157498107,39.54643039374527,0.0
611,-69826.66968741668,-69836.18243833927,0.0,25.464224505705573,0.1,166.2539754462302,166.2539754462302,41.56349386155755,0.0
612,-70433.57380866465,-70450.17237258462,0.0,19.86162429537021,0.1,167.69898525872537,167.69898525872537,41.92474631468134,0.0
613,-68070.38014269261,-68098.03722110126,0.0,20.669125758927496,0.1,162.07233367307765,162.07233367307765,40.51808341826941,0.0
614,-67412.46478740522,-67437.15935941048,0.0,27.135971809358423,0.1,160.505868541441,160.505868541441,40.12646713536025,0.0
615,-68483.69999491908,-68492.23772182064,0.0,33.87655446304756,0.1,163.05642855933115,163.05642855933115,40.76410713983279,0.0
616,-68177.70693551072,-68180.77056719316,5.551115123125783e-17,29.595770868050007,0.1,162.32787365597792,162.32787365597792,40.58196841399448,-1.6521175961683876e-18
617,-69805.92971951567,-69830.9355426961,2.7755575615628914e-17,21.646898954616777,0.1,166.20459457027542,166.20459457027542,41.551148642568855,-8.260587980841938e-19
618,-70116.13622370535,-70145.060876706,0.0,23.749767427005235,0.1,166.94318148501276,166.94318148501276,41.73579537125319,0.0
619,-68375.5463265109,-68393.4332628037,0.0,26.301609193856102,0.1,162.79891982502596,162.79891982502596,40.69972995625649,0.0
620,-70058.13797141747,-70071.79488400277,2.7755575615628914e-17,29.05404136579891,0.1,166.80509040813683,166.80509040813683,41.70127260203421,-8.260587980841938e-19
621,-68265.66186881984,-68288.59675602536,0.0,16.257340133809095,0.1,162.53729016385677,162.53729016385677,40.63432254096419,0.0
622,-68333.29927656584,-68361.34267899462,0.0,16.68754005982163,0.1,162.69833161087107,162.69833161087107,40.674582902717766,0.0
623,-68845.8603753418,-68871.18583738522,0.0,30.633525684137915,0.1,163.91871517938523,163.91871517938523,40.97967879484631,0.0
624,-66322.42524128551,-66326.51557698337,0.0,22.945928560227077,0.1,157.91053628877503,157.91053628877503,39.47763407219376,0.0
625,-67416.61654136404,-67420.55949467918,0.0,23.925394848556323,0.1,160.5157536699144,160.5157536699144,40.1289384174786,0.0
626,-67967.01303520467,-67978.93269236281,0.0,28.898302661346698,0.1,161.82622151239207,161.82622151239207,40.45655537809802,0.0
627,-67618.10055392134,-67646.20364138253,0.0,31.97841905394978,0.1,160.99547750933652,160.99547750933652,40.24886937733413,0.0
628,-66886.16039623247,-66895.53871596669,0.0,23.95389063127736,0.1,159.25276284817258,159.25276284817258,39.813190712043145,0.0
629,-68832.15727474172,-68830.32289281952,0.0,20.970649667519055,0.1,163.88608874938507,163.88608874938507,40.97152218734627,0.0
630,-68802.70748276454,-68827.35599909551,0.0,33.07791411774116,0.1,163.81597019705845,163.81597019705845,40.95399254926461,0.0
631,-66990.44682035384,-66993.10333163504,0.0,22.037678704235528,0.1,159.50106385798534,159.50106385798534,39.875265964496336,0.0
632,-68113.03542353636,-68127.77136596678,0.0,26.400805794098034,0.1,162.17389386556277,162.17389386556277,40.543473466390694,0.0
633,-68050.66465179615,-68057.56861659694,0.0,27.120305222320447,0.1,162.02539202808606,162.02539202808606,40.506348007021515,0.0
634,-71496.34860131325,-71506.61020784255,0.0,24.927738645608603,0.1,170.22940143169822,170.22940143169822,42.557350357924555,0.0
635,-69131.37360412686,-69151.83644660689,0.0,25.032111349054688,0.1,164.5985085812544,164.5985085812544,41.1496271453136,0.0
636,-69411.68796482388,-69422.32410591861,0.0,24.451950980370846,0.1,165.26592372577116,165.26592372577116,41.31648093144279,0.0
637,-69143.06167570363,-69157.17804611158,0.0,23.14994485058936,0.1,164.6263373231039,164.6263373231039,41.15658433077598,0.0
638,-69734.79713295143,-69747.20917232476,0.0,32.99323585252358,0.1,166.03523126893197,166.03523126893197,41.50880781723299,0.0
639,-69496.04728804734,-69516.65648252676,0.0,23.522598409854197,0.1,165.46677925725558,165.46677925725558,41.366694814313895,0.0
640,-67992.31358019356,-68014.28312423866,0.0,23.33090255121995,0.1,161.88646090522275,161.88646090522275,40.47161522630569,0.0
641,-66197.13400005158,-66223.86524642745,0.0,26.84821096099047,0.1,157.61222380964662,157.61222380964662,39.403055952411655,0.0
642,-68668.4680683821,-68682.39504694207,0.0,27.238584629051388,0.1,163.49635254376693,163.49635254376693,40.87408813594173,0.0
643,-68417.26694010785,-68416.55817858716,0.0,19.366162655450974,0.1,162.8982546193044,162.8982546193044,40.7245636548261,0.0
644,-66380.27783676368,-66383.33858669968,0.0,25.714715473818533,0.1,158.04828056372304,158.04828056372304,39.51207014093076,0.0
645,-70086.03086502258,-70118.35601501743,0.0,36.15650073096316,0.1,166.87150205957758,166.87150205957758,41.717875514894395,0.0
646,-68604.07025291095,-68625.45076392536,0.0,27.504222374722286,0.1,163.34302441169277,163.34302441169277,40.83575610292319,0.0
647,-70490.11889361124,-70487.10831626972,0.0,22.28663100132989,0.1,167.83361641336012,167.83361641336012,41.95840410334003,0.0
648,-68346.04111589602,-68353.16327837693,0.0,21.89576200874442,0.1,162.72866932356197,162.72866932356197,40.68216733089049,0.0
649,-69951.36328784048,-69964.68184965463,0.0,22.639547111514364,0.1,166.55086497104875,166.55086497104875,41.63771624276219,0.0
650,-71042.23765221192,-71037.44465410816,0.0,28.73955128058767,0.1,169.14818488621884,169.14818488621884,42.28704622155471,0.0
651,-71219.24314397336,-71223.51571371597,0.0,26.196234320555746,0.1,169.5696265332699,169.5696265332699,42.39240663331748,0.0
652,-70201.16601637835,-70236.90684307585,0.0,20.403077042067885,0.1,167.14563337232943,167.14563337232943,41.78640834308236,0.0
653,-70872.31080548563,-70862.00793025816,0.0,23.569978890599447,0.1,168.74359715591817,168.74359715591817,42.18589928897954,0.0
654,-70817.50633104022,-70843.51592739021,0.0,34.79173727110297,0.1,168.61311031200052,168.61311031200052,42.15327757800013,0.0
655,-70051.23867640841,-70053.94318046389,2.7755575615628914e-17,27.483496116182607,0.1,166.78866351525812,166.78866351525812,41.69716587881453,-8.260587980841938e-19
656,-68497.06210877474,-68507.40900420694,0.0,24.47025822847932,0.1,163.08824311613034,163.08824311613034,40.772060779032586,0.0
657,-70013.69461197389,-70055.13804544405,0.0,17.485148358024233,0.1,166.6992728856521,166.6992728856521,41.67481822141303,0.0
658,-69227.48992764516,-69245.02732426011,0.0,27.338465858827167,0.1,164.82735697058374,164.82735697058374,41.206839242645934,0.0
659,-71753.21455584437,-71779.07241909376,0.0,25.48991576735448,0.1,170.84098703772472,170.84098703772472,42.71024675943118,0.0
660,-70582.16308868778,-70600.24359408283,0.0,23.041757162891045,0.1,168.05276925878044,168.05276925878044,42.01319231469511,0.0
661,-68649.12941178557,-68666.82068119802,0.0,23.28403862251295,0.1,163.450308123299,163.450308123299,40.86257703082475,0.0
662,-70837.5172122023,-70858.73293110087,0.0,23.15194831978183,0.1,168.66075526714835,168.66075526714835,42.16518881678709,0.0
663,-70319.11897329142,-70337.88997723044,0.0,24.853685931575107,0.1,167.42647374593196,167.42647374593196,41.85661843648299,0.0
664,-70271.89114538224,-70298.15164788996,0.0,24.74303138205757,0.1,167.3140265366244,167.3140265366244,41.8285066341561,0.0
665,-69444.25082236777,-69441.5204976857,0.0,31.309607503569957,0.1,165.3434543389709,165.3434543389709,41.335863584742725,0.0
666,-70018.05231472325,-70023.99499171462,0.0,21.7311683067559,0.1,166.70964836838868,166.70964836838868,41.67741209209717,0.0
667,-70216.17339722421,-70225.21678428377,0.0,31.872190465854086,0.1,167.1813652314862,167.1813652314862,41.79534130787155,0.0
668,-68632.94907105682,-68626.59232891703,0.0,40.688742668299966,0.1,163.41178350251624,163.41178350251624,40.85294587562906,0.0
669,-67240.94802259254,-67266.5085906832,0.0,26.1161945706458,0.1,160.097495291887,160.097495291887,40.02437382297175,0.0
670,-66747.15790949384,-66761.60896948767,0.0,26.427770374288286,0.1,158.92180454641388,158.92180454641388,39.73045113660347,0.0
671,-67187.42498827165,-67207.63621255544,0.0,28.226077929750286,0.1,159.9700594958849,159.9700594958849,39.992514873971224,0.0
672,-66642.08994431292,-66662.64598897294,0.0,25.447903406276243,0.1,158.67164272455457,158.67164272455457,39.66791068113864,0.0
673,-68502.67052911772,-68515.69714491465,0.0,24.243633581732443,0.1,163.10159649789935,163.10159649789935,40.77539912447484,0.0
674,-68024.28917133763,-68037.34008853411,2.7755575615628914e-17,30.668850484335323,0.1,161.9625932650896,161.9625932650896,40.4906483162724,-8.260587980841938e-19
675,-66606.30722352827,-66627.24279075109,0.0,10.298056826678598,0.1,158.5864457703054,158.5864457703054,39.64661144257635,0.0
676,-68262.77728025906,-68284.33628802437,0.0,25.973680973593876,0.1,162.53042209585493,162.53042209585493,40.63260552396373,0.0
677,-68427.58702152762,-68442.39993396317,0.0,23.05740773455557,0.1,162.92282624173245,162.92282624173245,40.73070656043311,0.0
678,-68207.51409812811,-68233.75522532797,2.7755575615628914e-17,29.737632310614288,0.1,162.39884309078124,162.39884309078124,40.59971077269531,-8.260587980841938e-19
679,-68286.40220964966,-68293.67343297142,0.0,27.035261435622676,0.1,162.5866719277373,162.5866719277373,40.64666798193433,0.0
680,-70572.8074023572,-70578.09083501178,2.7755575615628914e-17,18.101909176055347,0.1,168.0304938151362,168.0304938151362,42.00762345378405,-8.260587980841938e-19
681,-66876.58455868933,-66885.31738644342,0.0,29.311967361913794,0.1,159.2299632349746,159.2299632349746,39.80749080874365,0.0
682,-68448.67870516665,-68473.2099556204,0.0,27.565427100486467,0.1,162.97304453611108,162.97304453611108,40.74326113402777,0.0
683,-69554.74140881974,-69576.99236668822,0.0,27.58089143557479,0.1,165.60652716385653,165.60652716385653,41.40163179096413,0.0
684,-70106.83958136411,-70115.42476541188,0.0,27.159612723369705,0.1,166.9210466222955,166.9210466222955,41.73026165557388,0.0
685,-66242.20358463022,-66265.2076798825,0.0,28.771456649067872,0.1,157.71953234435767,157.71953234435767,39.42988308608942,0.0
686,-66599.05157585941,-66625.94070957416,0.0,28.541519236005318,0.1,158.56917041871287,158.56917041871287,39.64229260467822,0.0
687,-68410.73125151535,-68429.24573359077,0.0,30.350751191582138,0.1,162.88269345598894,162.88269345598894,40.720673363997236,0.0
688,-67323.1656193881,-67337.90040679561,0.0,20.59062674386141,0.1,160.2932514747336,160.2932514747336,40.0733128686834,0.0
689,-67172.17058692337,-67185.53991728394,0.0,21.275486775967757,0.1,159.9337394926747,159.9337394926747,39.983434873168676,0.0
690,-68390.50136164788,-68398.74957889813,0.0,24.27740664642241,0.1,162.83452705154258,162.83452705154258,40.708631762885645,0.0
691,-66896.4153441168,-66903.4911449068,0.0,23.4601923518048,0.1,159.2771793907543,159.2771793907543,39.819294847688575,0.0
692,-69196.83111204077,-69192.89496537123,0.0,26.066468536864694,0.1,164.7543597905733,164.7543597905733,41.18858994764332,0.0
693,-66971.86027796126,-66986.87233271488,0.0,20.914556844659046,0.1,159.45681018562203,159.45681018562203,39.86420254640551,0.0
694,-67662.24832093039,-67683.8407776147,0.0,29.68785068813279,0.1,161.10059124031045,161.10059124031045,40.27514781007761,0.0
695,-66061.12996521729,-66060.0543665736,0.0,21.18637610716893,0.1,157.2884046790888,157.2884046790888,39.3221011697722,0.0
696,-67944.23174497379,-67951.54032147591,0.0,20.300484494455677,0.1,161.7719803451757,161.7719803451757,40.44299508629393,0.0
697,-68198.56173828857,-68221.85648670788,0.0,24.030869306135983,0.1,162.37752794830612,162.37752794830612,40.59438198707653,0.0
698,-66834.05741689635,-66846.41226848324,0.0,14.980688177966233,0.1,159.12870813546752,159.12870813546752,39.78217703386688,0.0
699,-67751.9516149503,-67773.3057952524,2.7755575615628914e-17,18.80370802573264,0.1,161.31417051178644,161.31417051178644,40.32854262794661,-8.260587980841938e-19
700,-66747.3084022946,-66762.90772859726,0.0,26.386884689790957,0.1,158.9221628626062,158.9221628626062,39.73054071565155,0.0
701,-69647.2643707583,-69675.8709567167,0.0,18.45589800440444,0.1,165.82681993037693,165.82681993037693,41.45670498259423,0.0
702,-67181.15426598453,-67165.95914442632,0.0,25.919247723768475,0.1,159.95512920472507,159.95512920472507,39.98878230118127,0.0
703,-67799.0889843249,-67832.09409614,0.0,31.19473176469719,0.1,161.42640234363074,161.42640234363074,40.356600585907685,0.0
704,-68480.05464146538,-68497.15123561812,0.0,22.541819071839765,0.1,163.04774914634615,163.04774914634615,40.76193728658654,0.0
705,-66999.46510556381,-67022.53633153018,0.0,20.132269001477656,0.1,159.52253596562812,159.52253596562812,39.88063399140703,0.0
706,-67063.24282792644,-67083.00640562,2.7755575615628914e-17,27.527350795833133,0.1,159.67438768553916,159.67438768553916,39.91859692138479,-8.260587980841938e-19
707,-64937.62899025554,-64963.23108933053,0.0,38.79830019455539,0.1,154.61340235775128,154.61340235775128,38.65335058943782,0.0
708,-69319.96338760923,-69338.88754728102,0.0,22.455181871462507,0.1,165.04753187526006,165.04753187526006,41.261882968815016,0.0
709,-68456.38037983769,-68471.12463671577,0.0,16.15462047555441,0.1,162.99138185675642,162.99138185675642,40.747845464189105,0.0
710,-67863.37450420893,-67871.42737289803,0.0,22.95358780943448,0.1,161.57946310525935,161.57946310525935,40.39486577631484,0.0
711,-66667.50676109923,-66677.26587711988,0.0,25.76177436016861,0.1,158.73215895499817,158.73215895499817,39.68303973874954,0.0
712,-67696.48831481287,-67703.26411548904,0.0,30.605153336622358,0.1,161.18211503526877,161.18211503526877,40.29552875881719,0.0
713,-66967.2387031393,-66982.24077378848,0.0,24.953498394306926,0.1,159.44580643604596,159.44580643604596,39.86145160901149,0.0
714,-65881.55182866091,-65893.27288149578,0.0,25.775953419294897,0.1,156.8608376872879,156.8608376872879,39.215209421821974,0.0
715,-67707.08200796852,-67730.33299061519,0.0,20.664348921445498,0.1,161.20733811421078,161.20733811421078,40.301834528552696,0.0
716,-66709.15047521843,-66717.56931032767,0.0,23.481369856116675,0.1,158.83131065528198,158.83131065528198,39.707827663820495,0.0
717,-68925.19884539743,-68926.7401361627,0.0,20.903710701392512,0.1,164.10761629856532,164.10761629856532,41.02690407464133,0.0
718,-65687.64168694426,-65697.87947820882,0.0,29.37194590356364,0.1,156.3991468736768,156.3991468736768,39.0997867184192,0.0
719,-67833.46235219929,-67851.0879654893,0.0,25.967949556837723,0.1,161.5082436957126,161.5082436957126,40.37706092392815,0.0
720,-69610.20100383378,-69633.70998345545,0.0,24.313141058003016,0.1,165.73857381865187,165.73857381865187,41.43464345466297,0.0
721,-68029.97797041861,-68048.8826189179,2.7755575615628914e-17,24.48389123533752,0.1,161.97613802480623,161.97613802480623,40.49403450620156,-8.260587980841938e-19
722,-70015.43905712134,-70033.09268061534,2.7755575615628914e-17,22.08620671194209,0.1,166.7034263264794,166.7034263264794,41.67585658161985,-8.260587980841938e-19
723,-67999.79402750335,-67990.40585592059,0.0,24.32860418906848,0.1,161.9042714940556,161.9042714940556,40.4760678735139,0.0
724,-68645.31280464529,-68674.54028600629,2.7755575615628914e-17,29.631077011207964,0.1,163.44122096344117,163.44122096344117,40.86030524086029,-8.260587980841938e-19
725,-71581.44041584326,-71606.09439068918,0.0,31.18065360903109,0.1,170.432000990103,170.432000990103,42.60800024752575,0.0
726,-67983.22280712391,-67999.10938303352,0.0,25.986578537027977,0.1,161.86481620743788,161.86481620743788,40.46620405185947,0.0
727,-67068.79119557055,-67077.61467661621,0.0,23.41963571986475,0.1,159.6875980846918,159.6875980846918,39.92189952117295,0.0
728,-69022.64638982233,-69043.80410132004,0.0,31.019422185844082,0.1,164.33963426148173,164.33963426148173,41.084908565370434,0.0
729,-69677.50151665609,-69691.10705389928,2.7755575615628914e-17,22.749053675742942,0.1,165.89881313489545,165.89881313489545,41.47470328372386,-8.260587980841938e-19
730,-69789.4643510675,-69804.46963065607,0.0,28.006033744645574,0.1,166.16539131206548,166.16539131206548,41.54134782801637,0.0
731,-69740.45404182783,-69741.01549366649,0.0,13.51909523431381,0.1,166.0487000995901,166.0487000995901,41.51217502489752,0.0
732,-68576.9474333701,-68586.44206487518,0.0,18.896437870429207,0.1,163.2784462699288,163.2784462699288,40.8196115674822,0.0
733,-69184.47323760312,-69194.39183562664,0.0,24.26109840591264,0.1,164.72493628000743,164.72493628000743,41.18123407000186,0.0
734,-70359.98722877831,-70370.45474468808,0.0,32.26233767235372,0.1,167.52377911613883,167.52377911613883,41.88094477903471,0.0
735,-68977.77000653303,-68996.03745417905,2.7755575615628914e-17,26.502371798054142,0.1,164.23278572984054,164.23278572984054,41.058196432460136,-8.260587980841938e-19
736,-68289.88824366276,-68311.1103151032,0.0,19.305834411096154,0.1,162.59497200872087,162.59497200872087,40.64874300218022,0.0
737,-69624.09490718872,-69649.48602506291,0.0,24.6211785673227,0.1,165.7716545409255,165.7716545409255,41.44291363523138,0.0
738,-70909.1317415152,-70930.8365476876,0.0,19.64071383479922,0.1,168.83126605122666,168.83126605122666,42.207816512806666,0.0
739,-68293.95914689837,-68293.42155923821,0.0,29.089448290125144,0.1,162.60466463547232,162.60466463547232,40.65116615886808,0.0
740,-69349.59842840536,-69368.36252366634,2.7755575615628914e-17,20.48974222821245,0.1,165.11809149620325,165.11809149620325,41.27952287405081,-8.260587980841938e-19
741,-69398.10135906622,-69404.40472825347,0.0,30.627173922073847,0.1,165.23357466444338,165.23357466444338,41.308393666110845,0.0
742,-68661.7972050259,-68664.90308609723,2.7755575615628914e-17,33.21336476627982,0.1,163.48046953577597,163.48046953577597,40.87011738394399,-8.260587980841938e-19
743,-68329.57857328175,-68335.57236593527,0.0,28.191959628041914,0.1,162.68947279352798,162.68947279352798,40.672368198381996,0.0
744,-68120.20765207942,-68131.92146732192,0.0,28.015937155411716,0.1,162.1909706001891,162.1909706001891,40.547742650047276,0.0
745,-70611.62234279834,-70621.1812027772,2.7755575615628914e-17,24.18603546963853,0.1,168.12291033999605,168.12291033999605,42.03072758499901,-8.260587980841938e-19
746,-67753.92618406528,-67769.33537581924,0.0,19.989062721092637,0.1,161.3188718668221,161.3188718668221,40.32971796670552,0.0
747,-68471.6219488124,-68494.03019226661,0.0,22.433932167642073,0.1,163.02767130669622,163.02767130669622,40.756917826674055,0.0
748,-67018.8740784731,-67031.5880793197,0.0,20.028253126957438,0.1,159.56874780588836,159.56874780588836,39.89218695147209,0.0
749,-67161.3387356528,-67150.71539906484,0.0,24.044861186999157,0.1,159.9079493706019,159.9079493706019,39.976987342650474,0.0
750,-68940.14019020341,-68979.26634441954,0.0,28.92302143949012,0.1,164.14319092905575,164.14319092905575,41.03579773226394,0.0
751,-67152.68323888099,-67167.49063508364,0.0,23.68554585395866,0.1,159.88734104495475,159.88734104495475,39.97183526123869,0.0
752,-66126.17543927506,-66141.40009820319,0.0,27.73559557587605,0.1,157.44327485541683,157.44327485541683,39.36081871385421,0.0
753,-68374.18784071406,-68377.37971256097,0.0,30.571608473344362,0.1,162.79568533503348,162.79568533503348,40.69892133375837,0.0
754,-67371.19144746166,-67393.34526061607,2.7755575615628914e-17,28.59092862853967,0.1,160.40759868443254,160.40759868443254,40.101899671108136,-8.260587980841938e-19
755,-67712.62458237958,-67732.00933976767,0.0,25.09808328846995,0.1,161.22053471995136,161.22053471995136,40.30513367998784,0.0
756,-65992.03732490647,-66013.76593726614,0.0,27.95907066870689,0.1,157.12389839263446,157.12389839263446,39.280974598158615,0.0
757,-67521.22288705819,-67532.68247994878,0.0,22.131991135515495,0.1,160.7648163977576,160.7648163977576,40.1912040994394,0.0
758,-67968.59166902147,-67984.61023197409,0.0,32.74510075747594,0.1,161.82998016433683,161.82998016433683,40.45749504108421,0.0
759,-68748.46191227173,-68751.07084151519,0.0,17.662373671237802,0.1,163.68681407683746,163.68681407683746,40.921703519209366,0.0
760,-68460.37271421072,-68477.0203226231,0.0,25.25443850928009,0.1,163.00088741478743,163.00088741478743,40.75022185369686,0.0
761,-68229.8444983401,-68246.5779149838,0.0,26.219765989542502,0.1,162.45201071033358,162.45201071033358,40.613002677583395,0.0
762,-69547.56598853617,-69560.33396598982,0.0,32.44931719301041,0.1,165.58944282984802,165.58944282984802,41.397360707462006,0.0
763,-69133.81505448799,-69132.80601470322,0.0,20.85751487609877,0.1,164.60432155830475,164.60432155830475,41.15108038957619,0.0
764,-67362.60197475203,-67376.56942715055,0.0,16.784055944229163,0.1,160.3871475589334,160.3871475589334,40.09678688973335,0.0
765,-69907.20504617783,-69920.4465021335,0.0,33.30735082864009,0.1,166.44572630042342,166.44572630042342,41.611431575105854,0.0
766,-70563.78869997562,-70578.99756485858,0.0,26.153504528593416,0.1,168.00902071422766,168.00902071422766,42.002255178556915,0.0
767,-68848.96565688215,-68851.36400923043,0.0,21.918192959802614,0.1,163.92610870686227,163.92610870686227,40.981527176715566,0.0
768,-68486.0766411359,-68497.32467733267,0.0,23.41142451621883,0.1,163.0620872407998,163.0620872407998,40.76552181019995,0.0
769,-69654.0836850314,-69681.90012298143,0.0,27.78845530362562,0.1,165.8430563929319,165.8430563929319,41.46076409823298,0.0
770,-71563.47066262201,-71567.35608305264,0.0,26.232523892160025,0.1,170.38921586338577,170.38921586338577,42.59730396584644,0.0
771,-70563.8453674368,-70583.82758492178,2.7755575615628914e-17,30.700745192606334,0.1,168.00915563675431,168.00915563675431,42.00228890918858,-8.260587980841938e-19
772,-70751.49794118528,-70782.30334805096,0.0,19.924529040860655,0.1,168.4559474790126,168.4559474790126,42.11398686975315,0.0
773,-70823.16544561471,-70830.05687050261,0.0,18.71211070542692,0.1,168.62658439432076,168.62658439432076,42.15664609858019,0.0
774,-69748.36795493437,-69761.02775634329,0.0,27.331791872231673,0.1,166.06754274984374,166.06754274984374,41.516885687460935,0.0
775,-69384.4520415642,-69409.3253867301,0.0,24.620244881787386,0.1,165.2010762894386,165.2010762894386,41.30026907235965,0.0
776,-69675.3058500845,-69687.10737485196,0.0,25.758789961243703,0.1,165.89358535734408,165.89358535734408,41.47339633933602,0.0
777,-72082.96030900738,-72089.60887999108,0.0,35.44769360847387,0.1,171.62609597382712,171.62609597382712,42.90652399345678,0.0
778,-71983.17510723646,-71982.09849696528,0.0,25.923702894478623,0.1,171.3885121600868,171.3885121600868,42.8471280400217,0.0
779,-71394.91730123789,-71430.15336343019,0.0,25.033999222799988,0.1,169.9878983362807,169.9878983362807,42.49697458407017,0.0
780,-72080.92671346401,-72094.026323114,0.0,23.212772885947864,0.1,171.62125407967622,171.62125407967622,42.905313519919055,0.0
781,-72784.80726807534,-72798.00335125772,0.0,31.864242373382652,0.1,173.29716016208417,173.29716016208417,43.32429004052104,0.0
782,-73093.338139777,-73086.2195206637,0.0,32.66716850648163,0.1,174.03175747565953,174.03175747565953,43.50793936891488,0.0
783,-70824.94509427685,-70825.70552275234,0.0,23.666738353827927,0.1,168.6308216530401,168.6308216530401,42.157705413260025,0.0
784,-71239.38883876988,-71250.09639456689,0.0,27.9427663488536,0.1,169.61759247326162,169.61759247326162,42.404398118315406,0.0
785,-71124.74130634066,-71123.76006282182,0.0,27.310863330409713,0.1,169.34462215795395,169.34462215795395,42.33615553948849,0.0
786,-70607.30472845303,-70642.5478246859,0.0,18.184129977035948,0.1,168.11263030584055,168.11263030584055,42.02815757646014,0.0
787,-72776.59584803836,-72793.49290971446,0.0,21.690089111016956,0.1,173.27760916199608,173.27760916199608,43.31940229049902,0.0
788,-70809.6853235395,-70828.94419560142,0.0,25.09573888707876,0.1,168.59448886557024,168.59448886557024,42.14862221639256,0.0
789,-71887.35179050184,-71895.9369214114,0.0,27.43936142435537,0.1,171.16036140595676,171.16036140595676,42.79009035148919,0.0
790,-71593.19488623878,-71626.23836733664,0.0,24.045481041363505,0.1,170.45998782437806,170.45998782437806,42.614996956094515,0.0
791,-73074.7221648132,-73096.91974423468,0.0,18.53363521064418,0.1,173.98743372574572,173.98743372574572,43.49685843143643,0.0
792,-68252.00500984649,-68257.4406460783,0.0,27.362031389401885,0.1,162.50477383296783,162.50477383296783,40.62619345824196,0.0
793,-72751.30136548248,-72781.14252576783,0.0,26.7780667439283,0.1,173.21738420352972,173.21738420352972,43.30434605088243,0.0
794,-71899.49272621518,-71911.36214590994,0.0,24.99645702711677,0.1,171.18926839575042,171.18926839575042,42.797317098937604,0.0
795,-71516.9562660597,-71519.45218872001,0.0,28.022576631776833,0.1,170.27846730014215,170.27846730014215,42.56961682503554,0.0
796,-70238.4719403415,-70262.29527096472,0.0,22.7395483358346,0.1,167.23445700081308,167.23445700081308,41.80861425020327,0.0
797,-71859.46794658659,-71869.767525109,0.0,26.329391148260243,0.1,171.09397130139664,171.09397130139664,42.77349282534916,0.0
798,-70644.20747209823,-70654.84027473783,0.0,24.669336926870887,0.1,168.2004939811863,168.2004939811863,42.050123495296575,0.0
799,-72758.12434493257,-72794.12156282424,0.0,23.76487149627002,0.1,173.2336293926966,173.2336293926966,43.30840734817415,0.0
800,-70906.24152891482,-70917.6581273946,0.0,21.762290971824203,0.1,168.82438459265435,168.82438459265435,42.20609614816359,0.0
801,-70666.27862576144,-70688.72054547643,0.0,24.093879133909486,0.1,168.25304434705106,168.25304434705106,42.063261086762765,0.0
802,-70160.70699222999,-70169.21326184677,0.0,31.60652016136506,0.1,167.04930236245235,167.04930236245235,41.76232559061309,0.0
803,-71351.69542708228,-71380.8914571274,0.0,21.997882171306475,0.1,169.88498911210067,169.88498911210067,42.47124727802517,0.0
804,-69718.62825219598,-69714.96285268238,0.0,30.03756844918461,0.1,165.99673393379996,165.99673393379996,41.49918348344999,0.0
805,-69337.13552407449,-69345.28922581689,0.0,28.953127995813844,0.1,165.08841791446307,165.08841791446307,41.272104478615766,0.0
806,-70431.67134487958,-70426.97030670245,0.0,29.462986691496546,0.1,167.69445558304662,167.69445558304662,41.923613895761655,0.0
807,-68297.87735858532,-68300.76563929251,0.0,28.653820595332622,0.1,162.61399371091744,162.61399371091744,40.65349842772936,0.0
808,-70749.25159517092,-70764.39432584928,0.0,20.230302903016778,0.1,168.45059903612125,168.45059903612125,42.11264975903031,0.0
809,-70278.05160257778,-70288.9812394485,0.0,28.431592284783505,0.1,167.32869429185186,167.32869429185186,41.832173572962965,0.0
810,-70045.15290185121,-70061.21184638236,0.0,27.922064902362422,0.1,166.77417357583622,166.77417357583622,41.693543393959054,0.0
811,-69521.82794411622,-69556.59234996137,2.7755575615628914e-17,17.178791941444743,0.1,165.5281617717053,165.5281617717053,41.382040442926325,-8.260587980841938e-19
812,-69980.47625580049,-70011.64838155017,0.0,25.521779687616064,0.1,166.62018156142975,166.62018156142975,41.65504539035744,0.0
813,-69476.9517629968,-69482.96392251358,0.0,18.348431871305053,0.1,165.42131372142097,165.42131372142097,41.35532843035524,0.0
814,-68214.22785554614,-68227.33665163837,0.0,29.6082505596223,0.1,162.4148282274908,162.4148282274908,40.6037070568727,0.0
815,-70130.3664866715,-70144.09099546772,0.0,32.55577465123674,0.1,166.97706306350358,166.97706306350358,41.744265765875895,0.0
816,-69136.52436255093,-69137.01260565042,0.0,24.939555260769726,0.1,164.61077229178795,164.61077229178795,41.15269307294699,0.0
817,-69090.04473734225,-69092.52080289811,0.0,26.81815941312484,0.1,164.50010651748156,164.50010651748156,41.12502662937039,0.0
818,-70363.6095422693,-70387.47841617027,0.0,22.896191031594732,0.1,167.53240367206976,167.53240367206976,41.88310091801744,0.0
819,-70172.38256543901,-70161.34042687273,0.0,25.99474073398247,0.1,167.07710134628337,167.07710134628337,41.76927533657084,0.0
820,-70159.2786388117,-70178.64602432903,0.0,27.021473774808488,0.1,167.04590152098024,167.04590152098024,41.76147538024506,0.0
821,-68211.20678364411,-68238.56460556234,0.0,19.644731601754756,0.1,162.40763519915268,162.40763519915268,40.60190879978817,0.0
822,-68201.67030137169,-68223.4724624262,0.0,30.962537562389876,0.1,162.38492928898023,162.38492928898023,40.59623232224506,0.0
823,-68930.40547447487,-68927.6195986348,0.0,26.598259129594886,0.1,164.120013034464,164.120013034464,41.030003258616,0.0
824,-66808.49410528466,-66818.45230697458,0.0,24.59238663449177,0.1,159.06784310782064,159.06784310782064,39.76696077695516,0.0
825,-67025.88532042073,-67044.36208525611,0.0,22.56385717943224,0.1,159.58544123909698,159.58544123909698,39.896360309774245,0.0
826,-68620.67035629094,-68628.91327549932,0.0,25.170762087440124,0.1,163.38254846735938,163.38254846735938,40.845637116839846,0.0
827,-67320.42999723373,-67324.5575378451,0.0,19.570874355574073,0.1,160.28673808865173,160.28673808865173,40.07168452216293,0.0
828,-69758.63651558154,-69780.43024841111,2.7755575615628914e-17,19.25602982420672,0.1,166.0919917037656,166.0919917037656,41.5229979259414,-8.260587980841938e-19
829,-67756.3422368316,-67778.00536184068,0.0,27.312956464269757,0.1,161.32462437340857,161.32462437340857,40.33115609335214,0.0
830,-66733.2970057175,-66731.03893842958,0.0,21.612176738321725,0.1,158.8888023945655,158.8888023945655,39.72220059864137,0.0
831,-66749.60182840959,-66776.54292244007,0.0,20.09417234430159,0.1,158.92762340097522,158.92762340097522,39.731905850243805,0.0
832,-68250.71623211345,-68261.07218949035,0.0,27.31030446625948,0.1,162.50170531455584,162.50170531455584,40.62542632863896,0.0
833,-67272.63062989735,-67295.46453499017,0.0,23.74230556977752,0.1,160.1729300711842,160.1729300711842,40.04323251779605,0.0
834,-68462.96233246749,-68471.98723052058,0.0,32.11184930849254,0.1,163.00705317254165,163.00705317254165,40.75176329313541,0.0
835,-67655.17334352346,-67687.56234016144,0.0,29.894290253908977,0.1,161.08374605600824,161.08374605600824,40.27093651400206,0.0
836,-68413.45409570646,-68429.30727713212,0.0,20.95867139179537,0.1,162.88917641834874,162.88917641834874,40.722294104587185,0.0
837,-68894.61537684541,-68901.31093277984,2.7755575615628914e-17,27.61257052632879,0.1,164.0347985162986,164.0347985162986,41.00869962907465,-8.260587980841938e-19
838,-68094.27871653826,-68113.46269874714,0.0,32.007992964732146,0.1,162.12923503937682,162.12923503937682,40.532308759844206,0.0
839,-68007.7503868055,-68029.25488773087,0.0,17.48459849120091,0.1,161.9232152066798,161.9232152066798,40.48080380166995,0.0
840,-69127.23128295944,-69152.75075913667,2.7755575615628914e-17,20.009696863427934,0.1,164.58864591180821,164.58864591180821,41.147161477952054,-8.260587980841938e-19
841,-68511.61534100892,-68522.7756282894,0.0,26.251001031258472,0.1,163.12289366906884,163.12289366906884,40.78072341726721,0.0
842,-69476.9274779606,-69511.88415285845,0.0,40.549592780026806,0.1,165.4212558999062,165.4212558999062,41.35531397497655,0.0
843,-69232.75714169335,-69253.82437228471,0.0,24.084016906398062,0.1,164.83989795641276,164.83989795641276,41.20997448910319,0.0
844,-70361.61542151497,-70381.96047799978,0.0,29.43827712936918,0.1,167.52765576551187,167.52765576551187,41.88191394137797,0.0
845,-68629.98382318874,-68641.77714693316,0.0,33.97605677956161,0.1,163.40472338854462,163.40472338854462,40.851180847136156,0.0
846,-68582.82439096614,-68600.12509855806,0.0,27.48871544545697,0.1,163.29243902610986,163.29243902610986,40.823109756527465,0.0
847,-68250.80732095067,-68272.46656347121,2.7755575615628914e-17,27.10793305307228,0.1,162.5019221927397,162.5019221927397,40.625480548184925,-8.260587980841938e-19
848,-69151.01572847282,-69174.40513347751,0.0,21.913734067265384,0.1,164.6452755439829,164.6452755439829,41.161318885995726,0.0
849,-69511.26550341879,-69520.68248587933,0.0,19.499228835141526,0.1,165.5030131033781,165.5030131033781,41.375753275844524,0.0
850,-70250.05609131794,-70269.45110362415,0.0,28.89468251756057,0.1,167.26203831266176,167.26203831266176,41.81550957816544,0.0
851,-69845.10563272699,-69864.68336138851,0.0,33.37246216673769,0.1,166.29787055411188,166.29787055411188,41.57446763852797,0.0
852,-69688.65297703983,-69703.59701685155,0.0,28.343708277962563,0.1,165.92536423104724,165.92536423104724,41.48134105776181,0.0
853,-71315.51803805801,-71319.60102929662,0.0,23.064501487627997,0.1,169.7988524715667,169.7988524715667,42.449713117891676,0.0
854,-69515.42975960631,-69537.38513718198,0.0,29.245510553715718,0.1,165.51292799906264,165.51292799906264,41.37823199976566,0.0
855,-70230.36372528068,-70242.42405580403,2.7755575615628914e-17,24.642003740709665,0.1,167.21515172685878,167.21515172685878,41.803787931714695,-8.260587980841938e-19
856,-68877.02337359483,-68876.84463612802,0.0,23.214853995966955,0.1,163.9929127942734,163.9929127942734,40.99822819856835,0.0
857,-68311.50205799165,-68335.40588962684,0.0,27.87602508053283,0.1,162.64643347140867,162.64643347140867,40.66160836785217,0.0
858,-69763.64081584725,-69783.64747306106,0.0,25.2488684359048,0.1,166.1039067043982,166.1039067043982,41.52597667609955,0.0
859,-67787.89020305611,-67802.96083464239,2.7755575615628914e-17,21.698394302632764,0.1,161.39973857870504,161.39973857870504,40.34993464467626,-8.260587980841938e-19
860,-70116.22006296075,-70138.20834716278,0.0,27.10486472194695,0.1,166.9433811022875,166.9433811022875,41.735845275571876,0.0
861,-68237.8279276939,-68257.74811617383,0.0,22.369825786662098,0.1,162.47101887546168,162.47101887546168,40.61775471886542,0.0
862,-70459.14833803834,-70452.61490883963,0.0,30.48576355876848,0.1,167.7598769953294,167.7598769953294,41.93996924883235,0.0
863,-69251.63571360584,-69261.84733904575,0.0,20.686121179784397,0.1,164.88484693715677,164.88484693715677,41.22121173428919,0.0
864,-68063.03725763576,-68084.9720467549,0.0,23.03993680040435,0.1,162.0548506134185,162.0548506134185,40.513712653354624,0.0
865,-70470.99601590533,-70496.59537974579,0.0,28.08502974788349,0.1,167.78808575215555,167.78808575215555,41.94702143803889,0.0
866,-69781.69558806178,-69803.53128129378,0.0,18.170221443997328,0.1,166.14689425728994,166.14689425728994,41.536723564322486,0.0
867,-69648.01885594857,-69675.13829580243,0.0,26.30625265616928,0.1,165.82861632368707,165.82861632368707,41.45715408092177,0.0
868,-69470.79821274242,-69482.10544134995,0.0,25.716942336711256,0.1,165.40666241129148,165.40666241129148,41.35166560282287,0.0
869,-69294.85824145217,-69292.09588912319,0.0,27.043264057403356,0.1,164.98775771774325,164.98775771774325,41.24693942943581,0.0
870,-69371.45789868888,-69376.16418360706,0.0,18.23664857078233,0.1,165.17013785402116,165.17013785402116,41.29253446350529,0.0
871,-68128.53309361964,-68128.30950175747,0.0,30.563441874949625,0.1,162.21079308004678,162.21079308004678,40.552698270011696,0.0
872,-68789.74274147736,-68798.45010754043,0.0,32.6686385495825,0.1,163.78510176542227,163.78510176542227,40.94627544135557,0.0
873,-69668.22324661505,-69677.86523198453,0.0,16.463210212035264,0.1,165.87672201575012,165.87672201575012,41.46918050393753,0.0
874,-69479.99642393044,-69483.83117953096,0.0,31.179058100034695,0.1,165.4285629141201,165.4285629141201,41.35714072853003,0.0
875,-68976.42952462302,-68989.87054284365,0.0,22.258563517546996,0.1,164.2295941062453,164.2295941062453,41.05739852656132,0.0
876,-67457.31781082191,-67473.91799308044,0.0,27.508913680837725,0.1,160.61266145433788,160.61266145433788,40.15316536358447,0.0
877,-69091.4897113355,-69117.66369949451,0.0,32.24249614946463,0.1,164.50354693175117,164.50354693175117,41.12588673293779,0.0
878,-69964.12611364608,-69975.5284271882,0.0,18.36976156958981,0.1,166.5812526515383,166.5812526515383,41.64531316288458,0.0
879,-69533.05711852608,-69543.92246691484,0.0,26.30140253291443,0.1,165.5548979012526,165.5548979012526,41.38872447531315,0.0
880,-70324.30881363412,-70329.67122437202,0.0,20.214245425524787,0.1,167.43883050865267,167.43883050865267,41.85970762716317,0.0
881,-70544.34184682502,-70562.77972564052,0.0,24.756738242147744,0.1,167.96271868291672,167.96271868291672,41.99067967072918,0.0
882,-70299.40291698753,-70314.73088694164,0.0,21.207523326499654,0.1,167.3795307547322,167.3795307547322,41.84488268868305,0.0
883,-70189.31158606881,-70202.00757892676,0.0,20.378834278658477,0.1,167.1174085382591,167.1174085382591,41.779352134564775,0.0
884,-70201.907817507,-70225.80980161825,0.0,30.176246673618763,0.1,167.1473995654929,167.1473995654929,41.78684989137322,0.0
885,-68162.33230291224,-68158.87042428985,0.0,20.35244569903795,0.1,162.2912673878863,162.2912673878863,40.57281684697158,0.0
886,-71113.5102555159,-71113.544962965,0.0,21.74988032796551,0.1,169.31788156075214,169.31788156075214,42.329470390188035,0.0
887,-70246.40447625905,-70260.57009656115,0.0,17.75177390150735,0.1,167.25334399109298,167.25334399109298,41.813335997773244,0.0
888,-68988.0197032293,-68993.80110509806,0.0,19.980213139592507,0.1,164.2571897695936,164.2571897695936,41.0642974423984,0.0
889,-70521.83102291632,-70538.90369621031,0.0,25.34672168518125,0.1,167.9091214831341,167.9091214831341,41.977280370783525,0.0
890,-70145.38934273996,-70153.17196720658,0.0,25.88410436069699,0.1,167.0128317684285,167.0128317684285,41.753207942107124,0.0
891,-70346.30827483333,-70355.84147398746,0.0,23.641724448369732,0.1,167.49121017817458,167.49121017817458,41.872802544543646,0.0
892,-66724.08792174212,-66755.8224426451,0.0,31.70230525895174,0.1,158.8668760041479,158.8668760041479,39.71671900103698,0.0
893,-68545.67478517923,-68547.67897280995,0.0,29.148662089395874,0.1,163.2039875837601,163.2039875837601,40.800996895940024,0.0
894,-68271.77789201326,-68294.89185755818,0.0,19.25868355623691,0.1,162.5518521238411,162.5518521238411,40.63796303096027,0.0
895,-67284.51399265439,-67307.70176909195,0.0,32.68965959206277,0.1,160.20122379203426,160.20122379203426,40.050305948008564,0.0
896,-66586.2722160297,-66590.04676796726,0.0,20.412485894928682,0.1,158.5387433714993,158.5387433714993,39.63468584287482,0.0
897,-68934.0911369335,-68959.26775160193,2.7755575615628914e-17,26.35747655412824,0.1,164.12878842127023,164.12878842127023,41.03219710531756,-8.260587980841938e-19
898,-67947.85004644498,-67968.36480919737,0.0,26.702946082002484,0.1,161.78059534867853,161.78059534867853,40.44514883716963,0.0
899,-69107.97490128066,-69126.88186048994,2.7755575615628914e-17,18.367639358444585,0.1,164.54279738400157,164.54279738400157,41.13569934600039,-8.260587980841938e-19
900,-67476.95060367034,-67502.42378073656,0.0,30.84794996213887,0.1,160.65940619921508,160.65940619921508,40.16485154980377,0.0
901,-66311.37485171724,-66324.08094427656,0.0,24.78261525093069,0.1,157.88422583742198,157.88422583742198,39.471056459355495,0.0
902,-68751.78388668834,-68751.47281166278,5.551115123125783e-17,27.571273780089175,0.1,163.69472353973416,163.69472353973416,40.92368088493354,-1.6521175961683876e-18
903,-69141.41368776899,-69162.13426218613,2.7755575615628914e-17,24.689044915003446,0.1,164.62241354230713,164.62241354230713,41.15560338557678,-8.260587980841938e-19
904,-66733.76872541421,-66760.01225901292,0.0,23.329613845100297,0.1,158.8899255367005,158.8899255367005,39.722481384175126,0.0
905,-68513.0279619476,-68533.67402120655,5.551115123125783e-17,19.901678306539424,0.1,163.12625705225622,163.12625705225622,40.781564263064055,-1.6521175961683876e-18
906,-66532.69363060959,-66547.45810910084,0.0,24.12822871048582,0.1,158.4111753109752,158.4111753109752,39.6027938277438,0.0
907,-67454.06811043997,-67471.32118966038,0.0,23.152365355833208,0.1,160.60492407247614,160.60492407247614,40.151231018119034,0.0
908,-68504.88457008361,-68518.56984412689,0.0,29.13023585720753,0.1,163.1068680240086,163.1068680240086,40.77671700600215,0.0
909,-67385.0169241067,-67395.64928173432,0.0,16.967114496306603,0.1,160.44051648596837,160.44051648596837,40.11012912149209,0.0
910,-67438.45477887959,-67470.95061792164,0.0,31.907270393452432,0.1,160.56774947352284,160.56774947352284,40.14193736838071,0.0
911,-68072.64382714443,-68074.72120019338,0.0,28.448539026225973,0.1,162.07772339796296,162.07772339796296,40.51943084949074,0.0
912,-67588.05987566429,-67598.03012795877,0.0,26.317436076655298,0.1,160.923952084915,160.923952084915,40.23098802122875,0.0
913,-67173.56166016831,-67191.50390145845,2.7755575615628914e-17,23.82796099841839,0.1,159.93705157182933,159.93705157182933,39.98426289295733,-8.260587980841938e-19
914,-67855.22029146159,-67862.38263480573,0.0,21.547294738418703,0.1,161.5600483130038,161.5600483130038,40.39001207825095,0.0
915,-69088.36608842193,-69094.20416926712,0.0,20.840888958847778,0.1,164.49610973433795,164.49610973433795,41.12402743358449,0.0
916,-66847.94194632854,-66862.27016342805,2.7755575615628914e-17,21.421200054446242,0.1,159.1617665388775,159.1617665388775,39.79044163471937,-8.260587980841938e-19
917,-66846.74994488659,-66868.57046554371,0.0,32.436230776679636,0.1,159.15892844020615,159.15892844020615,39.78973211005154,0.0
918,-67859.99950548487,-67869.19897307116,0.0,26.197022502676884,0.1,161.5714273940116,161.5714273940116,40.3928568485029,0.0
919,-66606.0630670028,-66626.05991810584,0.0,27.360011354596374,0.1,158.58586444524477,158.58586444524477,39.64646611131119,0.0
920,-67903.2094287022,-67918.96898138136,0.0,28.713412091798613,0.1,161.67430816357668,161.67430816357668,40.41857704089417,0.0
921,-67408.55211905981,-67428.37460858662,0.0,18.81168788836351,0.1,160.49655266442812,160.49655266442812,40.12413816610703,0.0
922,-68005.1655451246,-68028.8571057685,0.0,29.436454186333712,0.1,161.91706082172527,161.91706082172527,40.47926520543132,0.0
923,-66180.91011526984,-66188.27725422806,0.0,25.18968917723801,0.1,157.57359551254726,157.57359551254726,39.393398878136814,0.0
924,-66868.64222430224,-66890.47551423035,0.0,23.953430902103193,0.1,159.21105291500533,159.21105291500533,39.80276322875133,0.0
925,-67129.98969170642,-67155.71947218408,0.0,36.8193624730968,0.1,159.8333087897772,159.8333087897772,39.9583271974443,0.0
926,-69352.39205347304,-69359.53219314669,0.0,18.094776984231125,0.1,165.12474298445963,165.12474298445963,41.28118574611491,0.0
927,-68399.01591316397,-68417.05409912001,0.0,28.607812525630717,0.1,162.85479979324754,162.85479979324754,40.713699948311884,0.0
928,-68842.69896415784,-68855.39030041939,0.0,32.266303316605175,0.1,163.91118800989963,163.91118800989963,40.97779700247491,0.0
929,-68317.42878395462,-68319.04272595738,0.0,28.464593115158056,0.1,162.66054472370146,162.66054472370146,40.665136180925366,0.0
930,-68430.90672713752,-68439.84811892993,0.0,33.59688953103648,0.1,162.93073030270838,162.93073030270838,40.732682575677096,0.0
931,-67731.06233999455,-67765.98749352623,0.0,21.16671706108326,0.1,161.26443414284418,161.26443414284418,40.316108535711045,0.0
932,-68411.86472589342,-68421.36915453433,0.0,29.29793943489901,0.1,162.88539220450815,162.88539220450815,40.72134805112704,0.0
933,-67615.07565090725,-67626.20434440936,0.0,24.77294391033881,0.1,160.988275359303,160.988275359303,40.24706883982575,0.0
934,-67400.55715693264,-67415.81104113806,2.7755575615628914e-17,15.401634219011719,0.1,160.47751704031583,160.47751704031583,40.11937926007896,-8.260587980841938e-19
935,-68217.39829039507,-68232.25991293413,0.0,21.55136112967913,0.1,162.42237688189303,162.42237688189303,40.60559422047326,0.0
936,-69913.2500050164,-69923.3187767924,0.0,32.21816001734407,0.1,166.46011905956286,166.46011905956286,41.615029764890714,0.0
937,-69007.11611714882,-69009.55104820603,0.0,29.066025933739887,0.1,164.30265742178292,164.30265742178292,41.07566435544573,0.0
938,-69189.18167965712,-69201.39205035381,0.0,23.601199157520828,0.1,164.73614685632649,164.73614685632649,41.18403671408162,0.0
939,-69377.4695215772,-69400.37324053771,0.0,26.70025647284445,0.1,165.18445124185047,165.18445124185047,41.29611281046262,0.0
940,-69163.3667129946,-69184.0728429668,0.0,29.840923302664304,0.1,164.67468264998715,164.67468264998715,41.16867066249679,0.0
941,-65543.53636045262,-65555.22327662079,0.0,21.938816327461247,0.1,156.05603895345862,156.05603895345862,39.014009738364656,0.0
942,-67581.02969778929,-67585.17819252372,0.0,20.872947350105225,0.1,160.90721356616498,160.90721356616498,40.226803391541246,0.0
943,-67862.35295414831,-67906.8438984014,0.0,31.22339790368393,0.1,161.57703084321028,161.57703084321028,40.39425771080257,0.0
944,-70313.79112036481,-70315.28037670274,0.0,18.38771021628215,0.1,167.41378838182098,167.41378838182098,41.853447095455245,0.0
945,-68765.88075242961,-68785.6994130468,0.0,27.736323986889836,0.1,163.7282875057848,163.7282875057848,40.9320718764462,0.0
946,-68971.87683915457,-68992.36567750775,0.0,23.72522103223151,0.1,164.21875437893945,164.21875437893945,41.05468859473486,0.0
947,-68896.39506987696,-68910.14052727693,0.0,26.639397620796785,0.1,164.03903588065944,164.03903588065944,41.00975897016486,0.0
948,-68688.73790028601,-68704.59683034895,0.0,13.903498136262325,0.1,163.54461404830005,163.54461404830005,40.88615351207501,0.0
949,-68786.50876468439,-68799.21076837863,0.0,20.742967828698433,0.1,163.77740182067714,163.77740182067714,40.944350455169285,0.0
950,-66973.09810151637,-66989.85021570546,0.0,39.926295013017054,0.1,159.45975738456278,159.45975738456278,39.864939346140694,0.0
951,-68265.41620888984,-68284.09102554459,0.0,23.43235156913801,0.1,162.53670525926154,162.53670525926154,40.634176314815385,0.0
952,-67267.40168927672,-67291.61970429649,0.0,27.413439436046062,0.1,160.16048021256364,160.16048021256364,40.04012005314091,0.0
953,-67346.25781854407,-67365.45876344858,0.0,28.034252966078355,0.1,160.3482329012954,160.3482329012954,40.08705822532385,0.0
954,-68933.0961719707,-68968.661607619,0.0,19.34555782337042,0.1,164.1264194570731,164.1264194570731,41.031604864268274,0.0
955,-70203.9554296584,-70223.69175042651,0.0,20.368094350092306,0.1,167.15227483252,167.15227483252,41.78806870813,0.0
956,-67448.41699585672,-67468.97212232015,0.0,20.40656744256953,0.1,160.5914690377541,160.5914690377541,40.14786725943853,0.0
957,-68410.00014189961,-68420.82647376356,0.0,23.524550428810468,0.1,162.8809527188086,162.8809527188086,40.72023817970215,0.0
958,-68838.04849952218,-68862.80666671562,0.0,29.59227221971207,0.1,163.90011547505281,163.90011547505281,40.975028868763204,0.0
959,-69250.64863200954,-69253.19145824508,0.0,25.274670554999243,0.1,164.88249674287985,164.88249674287985,41.22062418571996,0.0
960,-70501.12244390274,-70509.02664535525,0.0,18.707475446623327,0.1,167.8598153426256,167.8598153426256,41.9649538356564,0.0
961,-69729.77304592804,-69742.60287542379,2.7755575615628914e-17,23.457586057720903,0.1,166.02326915697154,166.02326915697154,41.505817289242884,-8.260587980841938e-19
962,-69357.39791321752,-69396.66507808097,0.0,27.16479912680348,0.1,165.13666169813695,165.13666169813695,41.28416542453424,0.0
963,-67718.5605141531,-67719.78433914555,0.0,22.176129979145287,0.1,161.23466789084074,161.23466789084074,40.308666972710185,0.0
964,-70437.92385686364,-70463.13768981793,0.0,35.442213864349625,0.1,167.709342516342,167.709342516342,41.9273356290855,0.0
965,-70956.05424726952,-70955.19441414715,0.0,15.600378074304775,0.1,168.94298630302268,168.94298630302268,42.23574657575567,0.0
966,-69940.38470589802,-69974.09435765173,0.0,26.94807088685452,0.1,166.52472549023338,166.52472549023338,41.631181372558345,0.0
967,-72525.27977555322,-72531.59684823446,0.0,27.673145430612177,0.1,172.67923756084102,172.67923756084102,43.169809390210254,0.0
968,-70405.63686264888,-70394.27938525872,0.0,25.016877532985806,0.1,167.63246872059258,167.63246872059258,41.908117180148146,0.0
969,-69149.66729809815,-69167.94550982659,0.0,29.62135069768915,0.1,164.6420649954718,164.6420649954718,41.16051624886795,0.0
970,-69789.05977236702,-69793.9208128441,0.0,25.428435807016797,0.1,166.1644280294453,166.1644280294453,41.541107007361326,0.0
971,-69468.42277247606,-69474.16852621546,0.0,26.276918778371584,0.1,165.40100660113347,165.40100660113347,41.35025165028337,0.0
972,-71058.30161566492,-71064.3481524413,0.0,22.959495804198898,0.1,169.18643241824984,169.18643241824984,42.29660810456246,0.0
973,-72866.8107135846,-72871.8525596367,0.0,28.255681209118286,0.1,173.4924064609157,173.4924064609157,43.373101615228926,0.0
974,-71034.38288763295,-71057.96739879952,0.0,23.826897150212933,0.1,169.12948306579275,169.12948306579275,42.28237076644819,0.0
975,-70974.15875661146,-70989.54113656106,0.0,17.75704292683228,0.1,168.98609227764635,168.98609227764635,42.24652306941159,0.0
976,-71596.53673554999,-71608.53996906993,2.7755575615628914e-17,24.748976914791275,0.1,170.46794460845237,170.46794460845237,42.61698615211309,-8.260587980841938e-19
977,-71392.86824633469,-71434.07617724499,0.0,19.440164871129184,0.1,169.98301963413022,169.98301963413022,42.495754908532554,0.0
978,-70774.42871876052,-70804.07049114804,0.0,29.98429386732904,0.1,168.51054456847746,168.51054456847746,42.127636142119364,0.0
979,-68823.5853950611,-68841.391759106,2.7755575615628914e-17,33.79310242097567,0.1,163.86567951205026,163.86567951205026,40.966419878012566,-8.260587980841938e-19
980,-71557.8867893305,-71576.60784405656,8.326672684688674e-17,26.945795978339643,0.1,170.3759209269774,170.3759209269774,42.59398023174435,-2.4781763942525816e-18
981,-71624.25356737095,-71638.72236084078,0.0,31.117844412093138,0.1,170.53393706516894,170.53393706516894,42.633484266292236,0.0
982,-70427.80572345157,-70453.77041578968,0.0,21.871613562518938,0.1,167.68525172250375,167.68525172250375,41.92131293062594,0.0
983,-70439.96767362962,-70441.77520168363,0.0,23.985096813021716,0.1,167.7142087467372,167.7142087467372,41.9285521866843,0.0
984,-72382.7253443703,-72389.72495872632,0.0,24.682377126923225,0.1,172.33982224850072,172.33982224850072,43.08495556212518,0.0
985,-72785.44657563679,-72812.82095698363,0.0,22.71349172456605,0.1,173.29868232294473,173.29868232294473,43.32467058073618,0.0
986,-69091.66016587123,-69106.23193205812,0.0,25.290113674041976,0.1,164.5039527758839,164.5039527758839,41.125988193970976,0.0
987,-71297.19139694297,-71320.67570576502,2.7755575615628914e-17,13.765553330076974,0.1,169.755217611769,169.755217611769,42.43880440294225,-8.260587980841938e-19
988,-69641.17643470303,-69650.10943175538,0.0,26.056418461397364,0.1,165.81232484453102,165.81232484453102,41.453081211132755,0.0
989,-69092.66195872451,-69119.66274828877,0.0,22.540487762468974,0.1,164.5063379969631,164.5063379969631,41.12658449924078,0.0
990,-70317.93699033487,-70314.17146327446,0.0,28.098557229830682,0.1,167.42365950079733,167.42365950079733,41.85591487519933,0.0
991,-68083.03533564639,-68091.68171175814,0.0,19.051666704548193,0.1,162.10246508487236,162.10246508487236,40.52561627121809,0.0
992,-70835.17775535384,-70843.93430145671,0.0,24.07737321172075,0.1,168.65518513179487,168.65518513179487,42.16379628294872,0.0
993,-70057.02632340514,-70065.97887675975,0.0,13.972169714504654,0.1,166.8024436271551,166.8024436271551,41.700610906788775,0.0
994,-69099.78541085847,-69123.75607282734,0.0,31.374375206393612,0.1,164.5232985972821,164.5232985972821,41.13082464932052,0.0
995,-71342.73217366652,-71364.2473935799,0.0,19.311571647875915,0.1,169.86364803253932,169.86364803253932,42.46591200813483,0.0
996,-70601.70092636482,-70614.68601102535,0.0,24.96739342385271,0.1,168.09928791991626,168.09928791991626,42.024821979979066,0.0
997,-69740.11119978597,-69761.09914368158,0.0,28.341702443590403,0.1,166.04788380901422,166.04788380901422,41.511970952253556,0.0
998,-69287.31366998119,-69294.97193199341,0.0,25.409977782067802,0.1,164.96979445233617,164.96979445233617,41.24244861308404,0.0
999,-70594.59565913295,-70614.1684631791,0.0,32.279111610733835,0.1,168.0823706169832,168.0823706169832,42.0205926542458,0.0
1000,-69834.52447287043,-69856.56953826867,0.0,28.945283436877595,0.1,166.27267731635817,166.27267731635817,41.56816932908954,0.0
1001,-68397.29492441184,-68413.13319069112,0.0,32.05229572601752,0.1,162.85070220098055,162.85070220098055,40.71267555024514,0.0
1002,-68869.63136731755,-68888.72899527714,0.0,20.694560449132148,0.1,163.9753127793275,163.9753127793275,40.99382819483188,0.0
1003,-69481.36850573971,-69510.40220544096,0.0,28.489516362695138,0.1,165.43182977557075,165.43182977557075,41.35795744389269,0.0
1004,-69930.82799761061,-69941.39755739932,0.0,22.602535163003783,0.1,166.5019714228824,166.5019714228824,41.6254928557206,0.0
1005,-67206.68326736533,-67224.64902281674,0.0,27.315923976337924,0.1,160.01591254134604,160.01591254134604,40.00397813533651,0.0
1006,-69247.72495827908,-69264.69788093539,2.7755575615628914e-17,26.556543367214424,0.1,164.8755356149502,164.8755356149502,41.21888390373755,-8.260587980841938e-19
1007,-68989.43731573585,-69021.43688948161,0.0,30.35771576117443,0.1,164.2605650374663,164.2605650374663,41.06514125936658,0.0
1008,-69907.97137692788,-69924.87773284053,0.0,29.706552903837416,0.1,166.44755089744734,166.44755089744734,41.611887724361836,0.0
1009,-70573.74886385059,-70578.42362481532,0.0,26.989635249734043,0.1,168.03273539012048,168.03273539012048,42.00818384753012,0.0
1010,-70522.91527711671,-70556.00834061405,0.0,23.90977052303813,0.1,167.91170304075408,167.91170304075408,41.97792576018852,0.0
1011,-69603.9307332049,-69610.45439391871,0.0,21.7395555570347,0.1,165.72364460286883,165.72364460286883,41.43091115071721,0.0
1012,-71190.07728676061,-71194.1809563872,0.0,21.076190459361484,0.1,169.5001840160967,169.5001840160967,42.37504600402418,0.0
1013,-68046.63778262449,-68057.93270163858,0.0,17.97216490410679,0.1,162.01580424434403,162.01580424434403,40.503951061086006,0.0
1014,-68964.22404237703,-68979.38022571652,0.0,29.511385868933235,0.1,164.200533434231,164.200533434231,41.05013335855775,0.0
1015,-69428.23976448423,-69434.16220268275,0.0,32.59641961820884,0.1,165.3053327725815,165.3053327725815,41.32633319314537,0.0
1016,-67870.59248568282,-67890.7004065681,0.0,30.152902928120287,0.1,161.5966487754353,161.5966487754353,40.39916219385883,0.0
1017,-69200.58276930917,-69209.00442377065,0.0,29.272626135333077,0.1,164.763292307879,164.763292307879,41.19082307696975,0.0
1018,-68714.18910420142,-68718.26976519746,0.0,29.451237504182544,0.1,163.60521215286053,163.60521215286053,40.90130303821513,0.0
1019,-69301.79263111275,-69318.51102451069,0.0,27.76625609992392,0.1,165.00426816931608,165.00426816931608,41.25106704232902,0.0
1020,-68382.51323451515,-68385.7572884589,0.0,20.524650788616977,0.1,162.81550770122655,162.81550770122655,40.70387692530664,0.0
1021,-70281.18538389105,-70302.15766607357,0.0,20.258259978878996,0.1,167.33615567593108,167.33615567593108,41.83403891898277,0.0
1022,-68067.51779676418,-68087.14985968517,0.0,18.16431096769877,0.1,162.06551856372425,162.06551856372425,40.51637964093106,0.0
1023,-68681.88419208564,-68705.3659342123,0.0,18.837383426157455,0.1,163.52829569544198,163.52829569544198,40.882073923860496,0.0
1024,-66106.12156192135,-66126.64456129815,0.0,28.128154668230003,0.1,157.39552752838418,157.39552752838418,39.348881882096045,0.0
1025,-68276.89586862508,-68284.92815044078,0.0,27.910132835423635,0.1,162.5640377824407,162.5640377824407,40.64100944561017,0.0
1026,-67386.15784797214,-67403.76227060547,2.7755575615628914e-17,22.30579071903631,0.1,160.44323297136222,160.44323297136222,40.110808242840555,-8.260587980841938e-19
1027,-68975.22829578292,-68980.14274894215,0.0,15.186871541637105,0.1,164.22673403757838,164.22673403757838,41.056683509394595,0.0
1028,-67182.039698715,-67200.536199188,0.0,17.175986143189725,0.1,159.95723737789288,159.95723737789288,39.98930934447322,0.0
1029,-67799.09813895341,-67815.05158094782,0.0,23.682758919588753,0.1,161.42642414036527,161.42642414036527,40.35660603509132,0.0
1030,-69103.40994911404,-69125.20137686841,0.0,23.48977250255068,0.1,164.53192845027152,164.53192845027152,41.13298211256788,0.0
1031,-66882.5889451409,-66894.29446727743,0.0,28.659353521441478,0.1,159.24425939319264,159.24425939319264,39.81106484829816,0.0
1032,-67084.94649402091,-67103.29707431176,5.551115123125783e-17,26.58077978591389,0.1,159.72606308100217,159.72606308100217,39.93151577025054,-1.6521175961683876e-18
1033,-67984.44295636694,-68004.13563226502,2.7755575615628914e-17,17.32213938396447,0.1,161.8677213246832,161.8677213246832,40.4669303311708,-8.260587980841938e-19
1034,-67025.77857508024,-67048.34646188011,0.0,28.06234397006801,0.1,159.5851870835244,159.5851870835244,39.8962967708811,0.0
1035,-68242.83287991054,-68247.66604862477,2.7755575615628914e-17,23.779597631628995,0.1,162.48293542835842,162.48293542835842,40.620733857089604,-8.260587980841938e-19
1036,-67890.2124578387,-67904.81938496242,0.0,24.327516077991337,0.1,161.64336299485407,161.64336299485407,40.41084074871352,0.0
1037,-65986.33460211295,-66004.67320177864,0.0,32.15683390915592,0.1,157.11032048122132,157.11032048122132,39.27758012030533,0.0
1038,-67575.3726643729,-67601.19033164963,0.0,18.43890403284297,0.1,160.8937444389831,160.8937444389831,40.223436109745776,0.0
1039,-67466.93318789813,-67488.15388780119,0.0,31.64466659767705,0.1,160.63555520928128,160.63555520928128,40.15888880232032,0.0
1040,-67185.78841435487,-67204.65649956177,2.7755575615628914e-17,30.454902125929834,0.1,159.96616289132112,159.96616289132112,39.99154072283028,-8.260587980841938e-19
1041,-67926.37342938673,-67961.49613384374,2.7755575615628914e-17,30.118547730534907,0.1,161.7294605461589,161.7294605461589,40.43236513653972,-8.260587980841938e-19
1042,-65467.49560490992,-65484.98869086634,0.0,30.225442370423767,0.1,155.87498953549982,155.87498953549982,38.968747383874955,0.0
1043,-68280.9644982861,-68297.41337661707,0.0,25.119515216424777,0.1,162.57372499591932,162.57372499591932,40.64343124897983,0.0
1044,-64730.92915212116,-64742.41500976402,0.0,32.81706679416054,0.1,154.12125988600278,154.12125988600278,38.530314971500694,0.0
1045,-66856.86606131992,-66863.6817746605,0.0,32.66183862339058,0.1,159.1830144317141,159.1830144317141,39.795753607928525,0.0
1046,-68348.69030774233,-68368.68894897973,0.0,18.003469125990293,0.1,162.73497692319603,162.73497692319603,40.68374423079901,0.0
1047,-66390.85535512962,-66409.53184805953,0.0,14.49986746174188,0.1,158.073465131261,158.073465131261,39.51836628281525,0.0
1048,-67637.15980025657,-67658.41488042488,2.7755575615628914e-17,29.426157414944953,0.1,161.04085666727755,161.04085666727755,40.26021416681939,-8.260587980841938e-19
1049,-70413.91493582306,-70422.99137626654,0.0,25.617738479777913,0.1,167.65217841862636,167.65217841862636,41.91304460465659,0.0
1050,-67655.13956960806,-67689.68114394556,0.0,22.471266478690318,0.1,161.08366564192397,161.08366564192397,40.27091641048099,0.0
1051,-66812.39798363112,-66816.80890776055,0.0,32.40831701231299,0.1,159.07713805626457,159.07713805626457,39.76928451406614,0.0
1052,-68519.49702385062,-68554.12289575594,0.0,25.018478359239236,0.1,163.14165958059672,163.14165958059672,40.78541489514918,0.0
1053,-69041.4473316047,-69066.56196195878,0.0,31.707379577654407,0.1,164.3843984085826,164.3843984085826,41.09609960214565,0.0
1054,-67729.18368232656,-67736.75884000117,0.0,22.57347082316066,0.1,161.2599611483966,161.2599611483966,40.31499028709915,0.0
1055,-69454.27285497721,-69481.58160010877,0.0,33.425071393542545,0.1,165.36731632137432,165.36731632137432,41.34182908034358,0.0
1056,-68191.02698296768,-68211.65579156943,2.7755575615628914e-17,20.60092823248973,0.1,162.35958805468496,162.35958805468496,40.58989701367124,-8.260587980841938e-19
1057,-68718.75259476312,-68753.62320588011,0.0,22.345145510940178,0.1,163.61607760657887,163.61607760657887,40.90401940164472,0.0
1058,-67974.20597747788,-67985.85459966616,0.0,26.711689172448107,0.1,161.84334756542353,161.84334756542353,40.46083689135588,0.0
1059,-64737.50247641826,-64768.044080625405,0.0,29.269879882761117,0.1,154.13691065813873,154.13691065813873,38.53422766453468,0.0
1060,-67932.99832177236,-67952.14697677598,0.0,27.31644265059053,0.1,161.745234099458,161.745234099458,40.4363085248645,0.0
1061,-67495.95721301156,-67511.39235969799,0.0,27.79069757259253,0.1,160.7046600309799,160.7046600309799,40.17616500774498,0.0
1062,-69013.64867997765,-69003.35307920071,0.0,23.516962704651007,0.1,164.31821114280393,164.31821114280393,41.07955278570098,0.0
1063,-66762.63617839097,-66780.04939774013,0.0,19.244929581902465,0.1,158.95865756759753,158.95865756759753,39.73966439189938,0.0
1064,-67159.30763775765,-67178.17087093576,0.0,23.97764389506939,0.1,159.90311342323253,159.90311342323253,39.97577835580813,0.0
1065,-67819.35335943749,-67851.90811642064,0.0,32.865098626074285,0.1,161.47465085580356,161.47465085580356,40.36866271395089,0.0
1066,-67269.83125050357,-67280.17319481239,2.7755575615628914e-17,24.245811442166524,0.1,160.16626488215138,160.16626488215138,40.041566220537845,-8.260587980841938e-19
1067,-67791.66774036855,-67805.92826471246,0.0,22.741702619201888,0.1,161.4087327151632,161.4087327151632,40.3521831787908,0.0
1068,-67360.50981940956,-67377.46006924985,0.0,21.20858965556205,0.1,160.38216623668944,160.38216623668944,40.09554155917236,0.0
1069,-69523.79462209334,-69527.48846874396,0.0,28.113556119501343,0.1,165.53284433831746,165.53284433831746,41.383211084579365,0.0
1070,-66233.07580356246,-66254.37109940469,0.0,20.978421201700037,0.1,157.69779953229158,157.69779953229158,39.424449883072896,0.0
1071,-67751.23065646405,-67775.18421077167,0.0,21.842111354173344,0.1,161.31245394396203,161.31245394396203,40.32811348599051,0.0
1072,-68503.37504075098,-68520.90669313136,0.0,29.10172006306228,0.1,163.10327390654996,163.10327390654996,40.77581847663749,0.0
1073,-67019.56187971431,-67034.22575406727,0.0,27.27370456070567,0.1,159.5703854278912,159.5703854278912,39.8925963569728,0.0
1074,-66646.92622064913,-66656.76192421025,0.0,24.017667082859514,0.1,158.6831576682122,158.6831576682122,39.67078941705305,0.0
1075,-66815.00306707394,-66827.94447276513,0.0,21.267108267298806,0.1,159.08334063589032,159.08334063589032,39.77083515897258,0.0
1076,-65877.31238409728,-65890.54464246612,0.0,17.256908505681267,0.1,156.8507437716602,156.8507437716602,39.21268594291505,0.0
1077,-67488.47276636166,-67498.56122889025,2.7755575615628914e-17,23.575622533151645,0.1,160.68683991990872,160.68683991990872,40.17170997997718,-8.260587980841938e-19
1078,-67577.28999595794,-67589.72819843299,0.0,23.792512770646105,0.1,160.89830951418557,160.89830951418557,40.22457737854639,0.0
1079,-65686.76844259434,-65701.15080059574,0.0,27.39720759043032,0.1,156.39706772046273,156.39706772046273,39.09926693011568,0.0
1080,-65218.49825288327,-65242.2434236246,0.0,21.751173865758666,0.1,155.28213869734114,155.28213869734114,38.820534674335285,0.0
1081,-68944.90423187746,-68947.87222332357,0.0,19.789777938784486,0.1,164.15453388542252,164.15453388542252,41.03863347135563,0.0
1082,-68321.99205738431,-68332.12002817236,0.0,23.240393410917456,0.1,162.67140966043885,162.67140966043885,40.667852415109714,0.0
1083,-67546.04170190392,-67553.34174124194,0.0,18.519416678750527,0.1,160.82390881405695,160.82390881405695,40.20597720351424,0.0
1084,-67889.9186836099,-67900.35747533516,0.0,25.907133100569858,0.1,161.64266353240453,161.64266353240453,40.41066588310113,0.0
1085,-66938.04288726018,-66958.99318191853,0.0,22.212884734458395,0.1,159.3762925887147,159.3762925887147,39.844073147178676,0.0
1086,-67075.05656464823,-67085.9265864268,2.7755575615628914e-17,20.366508455763444,0.1,159.70251563011485,159.70251563011485,39.92562890752871,-8.260587980841938e-19
1087,-65562.66570550566,-65577.3513138019,0.0,20.757856829045927,0.1,156.10158501310872,156.10158501310872,39.02539625327718,0.0
1088,-67393.3334548396,-67414.06473297201,0.0,16.070667540329445,0.1,160.46031774961807,160.46031774961807,40.11507943740452,0.0
1089,-67961.2435370817,-67972.64724035717,0.0,26.50553669595871,0.1,161.8124846120993,161.8124846120993,40.453121153024824,0.0
1090,-65038.22980059109,-65055.06814575432,0.0,38.46516831990248,0.1,154.85292809664548,154.85292809664548,38.71323202416137,0.0
1091,-69001.55476696341,-69020.05276720908,0.0,19.979727015789948,0.1,164.28941611181767,164.28941611181767,41.07235402795442,0.0
1092,-68168.96717833579,-68183.0125358649,0.0,16.11876833266774,0.1,162.30706471032332,162.30706471032332,40.57676617758083,0.0
1093,-67101.06406060905,-67115.25806311608,0.0,20.834719714996208,0.1,159.76443823954537,159.76443823954537,39.94110955988634,0.0
1094,-67639.91200038683,-67664.06590314243,0.0,22.252298627022327,0.1,161.04740952473054,161.04740952473054,40.261852381182635,0.0
1095,-67912.44785264766,-67926.28019348971,0.0,21.822210792977984,0.1,161.69630441106588,161.69630441106588,40.42407610276647,0.0
1096,-66552.97378052119,-66585.36229403972,0.0,23.39378616941044,0.1,158.45946138219333,158.45946138219333,39.61486534554833,0.0
1097,-67987.42192423834,-68020.74749467314,0.0,29.070758810591332,0.1,161.8748141053294,161.8748141053294,40.46870352633235,0.0
1098,-67231.79607457126,-67251.61674184461,0.0,26.8436657365876,0.1,160.0757049394554,160.0757049394554,40.01892623486385,0.0
1099,-67725.55859687262,-67744.49656985479,0.0,15.36163710327195,0.1,161.25132999255388,161.25132999255388,40.31283249813847,0.0
1100,-69287.5825922455,-69299.79375830399,0.0,29.225789855921608,0.1,164.97043474344167,164.97043474344167,41.24260868586042,0.0
1101,-67178.78411275097,-67193.29514091623,2.7755575615628914e-17,17.974050765982124,0.1,159.94948598274044,159.94948598274044,39.98737149568511,-8.260587980841938e-19
1102,-67304.60980117379,-67319.08575666802,2.7755575615628914e-17,33.520527581277456,0.1,160.24907095517568,160.24907095517568,40.06226773879392,-8.260587980841938e-19
1103,-65040.63718796312,-65068.106105118466,0.0,24.689979953169843,0.1,154.85865997134076,154.85865997134076,38.71466499283519,0.0
1104,-68626.39987603469,-68650.91436880527,0.0,23.16746489815974,0.1,163.396190181035,163.396190181035,40.84904754525875,0.0
1105,-69429.50275895241,-69427.46404308414,0.0,20.377670059352226,0.1,165.30833990226765,165.30833990226765,41.32708497556691,0.0
1106,-68733.82692264706,-68764.45581033215,0.0,23.63003459085348,0.1,163.65196886344538,163.65196886344538,40.912992215861344,0.0
1107,-68175.34727615876,-68187.91343636501,0.0,23.500809018625596,0.1,162.32225541942563,162.32225541942563,40.58056385485641,0.0
1108,-69948.75025816097,-69982.7916240567,0.0,33.12979457681031,0.1,166.54464347181187,166.54464347181187,41.63616086795297,0.0
1109,-67840.46890801225,-67877.65671034672,0.0,24.204773947999744,0.1,161.52492597145775,161.52492597145775,40.38123149286444,0.0
1110,-66654.83219078992,-66672.78843567739,0.0,17.416787252896043,0.1,158.7019814066427,158.7019814066427,39.67549535166067,0.0
1111,-66281.84975669609,-66311.61910095726,0.0,19.161102243660324,0.1,157.81392799213356,157.81392799213356,39.45348199803339,0.0
1112,-67681.55027512941,-67698.71803076704,0.0,19.51348736183578,0.1,161.14654827411763,161.14654827411763,40.28663706852941,0.0
1113,-67189.84664963433,-67198.95798136694,0.0,20.8136878447515,0.1,159.97582535627222,159.97582535627222,39.993956339068056,0.0
1114,-67609.31248000624,-67618.23372739948,0.0,22.304386484255108,0.1,160.97455352382437,160.97455352382437,40.24363838095609,0.0
1115,-67588.59855116543,-67598.11586321618,0.0,29.166669558901535,0.1,160.92523464563197,160.92523464563197,40.231308661407994,0.0
1116,-66171.7719223773,-66175.72329444668,0.0,26.102707135069334,0.1,157.55183791042214,157.55183791042214,39.387959477605534,0.0
1117,-67637.41369821083,-67664.5932897339,0.0,22.43401817743302,0.1,161.04146118621628,161.04146118621628,40.26036529655407,0.0
1118,-67191.85845443093,-67199.67926552345,0.0,23.847376874098746,0.1,159.98061536769268,159.98061536769268,39.99515384192317,0.0
1119,-68136.2244726288,-68163.02172471241,2.7755575615628914e-17,25.97053815476679,0.1,162.22910588721146,162.22910588721146,40.557276471802865,-8.260587980841938e-19
1120,-65511.07259883275,-65520.76045588667,0.0,27.419383255940197,0.1,155.9787442829351,155.9787442829351,38.99468607073378,0.0
1121,-65915.46465053939,-65919.44172904102,0.0,28.40679755221474,0.1,156.94158250128427,156.94158250128427,39.23539562532107,0.0
1122,-66776.11043722449,-66795.19651030151,0.0,23.46095764430558,0.1,158.99073913624878,158.99073913624878,39.747684784062194,0.0
1123,-66822.4368732033,-66829.05101521884,2.7755575615628914e-17,20.566595388582712,0.1,159.1010401742936,159.1010401742936,39.7752600435734,-8.260587980841938e-19
1124,-68464.45268604034,-68484.8008594038,2.7755575615628914e-17,31.14490251244531,0.1,163.01060163342942,163.01060163342942,40.752650408357354,-8.260587980841938e-19
1125,-65963.41867360195,-65972.04559613166,0.0,27.29193351775742,0.1,157.05575874667133,157.05575874667133,39.26393968666783,0.0
1126,-66466.2219329588,-66460.35166277278,0.0,22.076911346714002,0.1,158.25290936418762,158.25290936418762,39.563227341046904,0.0
1127,-66689.18371052752,-66703.8731211988,0.0,20.45158291509083,0.1,158.78377073935124,158.78377073935124,39.69594268483781,0.0
1128,-66073.84432826706,-66079.47926451916,0.0,21.661102217655568,0.1,157.31867697206445,157.31867697206445,39.32966924301611,0.0
1129,-67498.80275539352,-67516.7246826768,0.0,24.063354907968126,0.1,160.71143513188935,160.71143513188935,40.177858782972336,0.0
1130,-66480.63056431408,-66473.24825198083,0.0,14.396499236824669,0.1,158.28721562931926,158.28721562931926,39.571803907329816,0.0
1131,-66760.00024052932,-66768.93158875075,0.0,27.28843293026776,0.1,158.95238152506982,158.95238152506982,39.738095381267456,0.0
1132,-66364.46807871021,-66351.99303028296,0.0,22.501349119241848,0.1,158.01063828264336,158.01063828264336,39.50265957066084,0.0
1133,-67114.8547680129,-67124.59228944773,0.0,31.94168889104224,0.1,159.79727325717357,159.79727325717357,39.94931831429339,0.0
1134,-66405.4810646856,-66416.63084656847,0.0,26.914944923704642,0.1,158.10828824925144,158.10828824925144,39.52707206231286,0.0
1135,-65134.21892571119,-65150.63149711207,0.0,14.347167600963997,0.1,155.0814736326457,155.0814736326457,38.770368408161424,0.0
1136,-66116.78991745357,-66139.4719896199,0.0,26.07698252728144,0.1,157.42092837488946,157.42092837488946,39.355232093722364,0.0
1137,-64663.92718167346,-64684.00986807021,0.0,44.63118853218163,0.1,153.96173138493683,153.96173138493683,38.49043284623421,0.0
1138,-69085.3131840479,-69079.47205465291,0.0,33.62348324880554,0.1,164.4888409143998,164.4888409143998,41.12221022859995,0.0
1139,-67412.51455851276,-67424.64008331875,0.0,26.436644522015047,0.1,160.505987044078,160.505987044078,40.1264967610195,0.0
1140,-67865.41494663812,-67879.9598241851,2.7755575615628914e-17,22.878818333009782,0.1,161.58432130151934,161.58432130151934,40.396080325379835,-8.260587980841938e-19
1141,-67495.28933221086,-67504.59100292847,0.0,26.647543677865045,0.1,160.7030698385973,160.7030698385973,40.17576745964932,0.0
1142,-68272.62756384996,-68272.45582688325,0.0,28.75289583760883,0.1,162.55387515202372,162.55387515202372,40.63846878800593,0.0
1143,-68451.67557336457,-68462.51362931571,0.0,19.34965330479821,0.1,162.98017993658232,162.98017993658232,40.74504498414558,0.0
1144,-67081.21422047813,-67091.71409189817,0.0,31.285746084312862,0.1,159.71717671542413,159.71717671542413,39.92929417885603,0.0
1145,-65561.69006357444,-65571.33671270427,0.0,26.7922680910481,0.1,156.09926205612962,156.09926205612962,39.024815514032404,0.0
1146,-66325.71433116641,-66333.40476840925,2.7755575615628914e-17,28.7896092496181,0.1,157.91836745515815,157.91836745515815,39.47959186378954,-8.260587980841938e-19
1147,-65739.47293544008,-65761.32801282797,0.0,34.24304416648206,0.1,156.52255460819066,156.52255460819066,39.130638652047665,0.0
1148,-68089.54301426194,-68102.78737480695,0.0,28.343274023789533,0.1,162.11795955776654,162.11795955776654,40.529489889441635,0.0
1149,-66122.76630048161,-66138.746975877,0.0,31.47935890931507,0.1,157.43515785828956,157.43515785828956,39.35878946457239,0.0
1150,-67227.76437254681,-67235.57604867071,0.0,28.725026564386404,0.1,160.06610564892097,160.06610564892097,40.01652641223024,0.0
1151,-66660.98022037807,-66674.0332474169,5.551115123125783e-17,24.679059114457512,0.1,158.71661957232877,158.71661957232877,39.67915489308219,-1.6521175961683876e-18
1152,-67950.92864244098,-67966.84616728546,0.0,26.261201982133386,0.1,161.7879253391452,161.7879253391452,40.4469813347863,0.0
1153,-67096.33477296564,-67110.17248253441,0.0,26.073565915852633,0.1,159.75317803087057,159.75317803087057,39.93829450771764,0.0
1154,-68192.90667159464,-68223.68785217026,5.551115123125783e-17,29.92724842807609,0.1,162.36406350379679,162.36406350379679,40.591015875949196,-1.6521175961683876e-18
1155,-67244.99492482423,-67268.6864707492,2.7755575615628914e-17,22.722302369880648,0.1,160.10713077339105,160.10713077339105,40.02678269334776,-8.260587980841938e-19
1156,-67447.16595622768,-67453.2735479454,0.0,29.776502791188765,0.1,160.58849037197066,160.58849037197066,40.147122592992666,0.0
1157,-65946.94763080943,-65970.70809873473,0.0,32.36335337875491,0.1,157.01654197811771,157.01654197811771,39.25413549452943,0.0
1158,-67077.92258117137,-67086.88277491168,0.0,23.852256723198266,0.1,159.70933947897944,159.70933947897944,39.92733486974486,0.0
1159,-67797.86507792305,-67796.4702362978,2.7755575615628914e-17,23.037644469695636,0.1,161.42348828076916,161.42348828076916,40.35587207019229,-8.260587980841938e-19
1160,-68220.5456966437,-68245.51140174949,2.7755575615628914e-17,22.66752310385901,0.1,162.42987070629457,162.42987070629457,40.60746767657364,-8.260587980841938e-19
1161,-67083.45951011454,-67104.86430806655,0.0,24.047484470010943,0.1,159.72252264312988,159.72252264312988,39.93063066078247,0.0
1162,-69166.867907036,-69185.10847731821,0.0,19.261543050921663,0.1,164.68301882627617,164.68301882627617,41.17075470656904,0.0
1163,-69424.10520332352,-69439.95729781986,0.0,10.044320145496384,0.1,165.29548857934174,165.29548857934174,41.323872144835434,0.0
1164,-68584.80053593383,-68597.9315743522,0.0,16.8476337814243,0.1,163.29714413317578,163.29714413317578,40.824286033293944,0.0
1165,-69719.99401417929,-69747.05395934476,0.0,28.887036763822557,0.1,165.99998574804593,165.99998574804593,41.49999643701148,0.0
1166,-69682.79683210076,-69702.46354192043,0.0,32.6050311357969,0.1,165.91142102881136,165.91142102881136,41.47785525720284,0.0
1167,-69598.14093902879,-69603.65177382054,0.0,33.73681598957779,0.1,165.70985937863998,165.70985937863998,41.427464844659994,0.0
1168,-72139.58848500869,-72163.9104006513,2.7755575615628914e-17,23.81722356390527,0.1,171.7609249643064,171.7609249643064,42.9402312410766,-8.260587980841938e-19
1169,-71150.06702664375,-71176.42322811559,0.0,19.46853243794183,0.1,169.40492149200895,169.40492149200895,42.35123037300224,0.0
1170,-68517.18027138442,-68523.93512976915,0.0,21.9570513838015,0.1,163.13614350329624,163.13614350329624,40.78403587582406,0.0
1171,-69878.86134836775,-69888.5715712871,5.551115123125783e-17,19.717211786198735,0.1,166.37824130563752,166.37824130563752,41.59456032640938,-1.6521175961683876e-18
1172,-70739.38369226332,-70766.61452293428,0.0,23.70572799815084,0.1,168.4271040291984,168.4271040291984,42.1067760072996,0.0
1173,-69634.06771521157,-69652.59276489513,0.0,22.148243167931597,0.1,165.7953993219323,165.7953993219323,41.44884983048308,0.0
1174,-68897.65847776132,-68894.45244475584,0.0,26.35028679195711,0.1,164.04204399466983,164.04204399466983,41.010510998667456,0.0
1175,-68591.15169018265,-68587.02914042845,0.0,24.656829769572656,0.1,163.31226592900634,163.31226592900634,40.828066482251586,0.0
1176,-71002.22736380801,-71003.54421341968,0.0,34.93637999615404,0.1,169.05292229478098,169.05292229478098,42.263230573695246,0.0
1177,-67785.98015271827,-67810.09377994001,0.0,25.528768956357403,0.1,161.39519083980542,161.39519083980542,40.348797709951356,0.0
1178,-68291.99286470724,-68319.62993148378,0.0,20.768420112671322,0.1,162.5999830112077,162.5999830112077,40.64999575280193,0.0
1179,-67022.50486070482,-67042.93965449152,0.0,25.99905216859357,0.1,159.57739252548768,159.57739252548768,39.89434813137192,0.0
1180,-67660.97369014464,-67678.61389095797,0.0,31.361767500533837,0.1,161.0975564051063,161.0975564051063,40.274389101276576,0.0
1181,-69782.03870065171,-69804.36362167951,0.0,26.443618314125118,0.1,166.1477111920279,166.1477111920279,41.53692779800698,0.0
1182,-70250.27683156023,-70248.72795719795,0.0,20.199768523602682,0.1,167.26256388466723,167.26256388466723,41.81564097116681,0.0
1183,-69630.36670376956,-69644.1396144336,0.0,25.466861871383255,0.1,165.78658738992752,165.78658738992752,41.44664684748188,0.0
1184,-70687.77568679272,-70691.47364954598,2.7755575615628914e-17,37.058383377892106,0.1,168.30422782569698,168.30422782569698,42.076056956424246,-8.260587980841938e-19
1185,-68427.29789392168,-68457.46183447422,0.0,28.010591601962417,0.1,162.92213784267068,162.92213784267068,40.73053446066767,0.0
1186,-68285.74131351408,-68301.46168212692,0.0,23.93895515049424,0.1,162.5850983655097,162.5850983655097,40.64627459137743,0.0
1187,-68569.06555599913,-68574.5463713989,2.7755575615628914e-17,25.387402592594313,0.1,163.25967989523602,163.25967989523602,40.814919973809005,-8.260587980841938e-19
1188,-69144.468756222,-69162.04628162344,0.0,18.79119712259188,0.1,164.62968751481432,164.62968751481432,41.15742187870358,0.0
1189,-67720.78426651547,-67739.12603068793,0.0,24.223704755876255,0.1,161.23996253932256,161.23996253932256,40.30999063483064,0.0
1190,-66245.37345904295,-66241.29538346418,0.0,20.69807494610249,0.1,157.727079664388,157.727079664388,39.431769916097,0.0
1191,-66091.9232116422,-66102.787156308,0.0,34.43843828670095,0.1,157.36172193248143,157.36172193248143,39.34043048312036,0.0
1192,-67939.55025948722,-67960.11579073255,0.0,18.322592154500544,0.1,161.76083395116007,161.76083395116007,40.44020848779002,0.0
1193,-70131.84067507897,-70151.70103797315,0.0,17.26348005530817,0.1,166.98057303590232,166.98057303590232,41.74514325897558,0.0
1194,-70534.14413991659,-70559.97105045547,0.0,22.64437674091061,0.1,167.93843842837285,167.93843842837285,41.98460960709321,0.0
1195,-68271.48243963717,-68285.54607774978,2.7755575615628914e-17,31.62898323771095,0.1,162.5511486658028,162.5511486658028,40.6377871664507,-8.260587980841938e-19
1196,-69191.1575666648,-69193.28593097895,0.0,18.014409074435044,0.1,164.74085134920193,164.74085134920193,41.18521283730048,0.0
1197,-67479.08618332243,-67488.25019005897,0.0,30.191894255096585,0.1,160.66449091267245,160.66449091267245,40.16612272816811,0.0
1198,-67208.43810851227,-67208.2446477575,0.0,10.839222009447155,0.1,160.02009073455304,160.02009073455304,40.00502268363826,0.0
1199,-69237.67015086759,-69248.1585622835,0.0,27.7587039995546,0.1,164.8515955973038,164.8515955973038,41.21289889932595,0.0
1200,-72120.85464303542,-72147.85726053281,0.0,22.684193189573005,0.1,171.71632057865577,171.71632057865577,42.92908014466394,0.0
1201,-71394.77130251536,-71405.6570364442,0.0,30.769503671278734,0.1,169.98755072027467,169.98755072027467,42.49688768006867,0.0
1202,-69392.58177745569,-69388.88436045875,0.0,23.057396124084953,0.1,165.22043280346594,165.22043280346594,41.305108200866485,0.0
1203,-69837.18800708326,-69854.09224598251,0.0,27.24609360642517,0.1,166.27901906448395,166.27901906448395,41.56975476612099,0.0
1204,-69466.9199144226,-69476.82184749069,0.0,25.172205058529208,0.1,165.39742836767286,165.39742836767286,41.349357091918215,0.0
1205,-70199.37142728711,-70189.48815375299,0.0,21.70875793833076,0.1,167.1413605411598,167.1413605411598,41.78534013528995,0.0
1206,-71193.0967206059,-71212.63180773145,0.0,20.088529828726603,0.1,169.50737314429975,169.50737314429975,42.37684328607494,0.0
1207,-68287.49941830672,-68303.08926052261,0.0,27.23436250401349,0.1,162.58928432930173,162.58928432930173,40.64732108232543,0.0
1208,-71074.3315182273,-71085.90602621873,0.0,25.852318854982855,0.1,169.22459885292216,169.22459885292216,42.30614971323054,0.0
1209,-68989.31525169338,-68994.68792604053,0.0,23.966943601519766,0.1,164.26027440879375,164.26027440879375,41.06506860219844,0.0
1210,-70630.02912515734,-70651.13128685323,0.0,25.784864804842172,0.1,168.1667360122794,168.1667360122794,42.04168400306985,0.0
1211,-71675.90753724787,-71685.04222455223,0.0,26.121082021453965,0.1,170.65692270773303,170.65692270773303,42.66423067693326,0.0
1212,-73084.35928145614,-73106.50537936251,0.0,14.75029360711261,0.1,174.01037924156225,174.01037924156225,43.50259481039056,0.0
1213,-70084.91158691695,-70111.5023275665,2.7755575615628914e-17,23.31872630659464,0.1,166.86883711170702,166.86883711170702,41.717209277926756,-8.260587980841938e-19
1214,-70315.58028788412,-70334.83518721652,0.0,30.98623461822614,0.1,167.418048304486,167.418048304486,41.8545120761215,0.0
1215,-71261.88129281803,-71263.16455584572,0.0,21.452794987862266,0.1,169.67114593528103,169.67114593528103,42.41778648382026,0.0
1216,-71044.68629089298,-71056.80080393422,2.7755575615628914e-17,21.081232394377857,0.1,169.1540149783166,169.1540149783166,42.28850374457915,-8.260587980841938e-19
1217,-70094.27708732573,-70126.6264530841,2.7755575615628914e-17,20.716139530866037,0.1,166.8911359222041,166.8911359222041,41.72278398055103,-8.260587980841938e-19
1218,-72015.46106110708,-72024.90559331221,0.0,26.021945158014884,0.1,171.4653834788264,171.4653834788264,42.8663458697066,0.0
1219,-72129.02408091967,-72132.0025856589,2.7755575615628914e-17,23.02159644121868,0.1,171.73577162123732,171.73577162123732,42.93394290530933,-8.260587980841938e-19
1220,-70598.1962083439,-70616.3707409564,0.0,23.335697978087445,0.1,168.09094335319978,168.09094335319978,42.022735838299944,0.0
1221,-71632.18263275946,-71646.24876417046,0.0,22.353339437758144,0.1,170.55281579228443,170.55281579228443,42.63820394807111,0.0
1222,-70943.3855596283,-70943.24085653649,0.0,26.607966056696192,0.1,168.91282276101975,168.91282276101975,42.22820569025494,0.0
1223,-70097.73312156128,-70130.28245227775,0.0,25.09200815391719,0.1,166.8993645751459,166.8993645751459,41.72484114378648,0.0
1224,-70533.39005560194,-70550.6426967744,0.0,28.463613775584296,0.1,167.93664298952842,167.93664298952842,41.984160747382106,0.0
1225,-71585.4246595246,-71587.73135455913,0.0,33.51257329064803,0.1,170.44148728458237,170.44148728458237,42.61037182114559,0.0
1226,-69831.06533259104,-69848.08862055527,0.0,33.15928449544555,0.1,166.2644412680739,166.2644412680739,41.56611031701848,0.0
1227,-71473.72155449422,-71481.39122453898,0.0,34.09030961278913,0.1,170.17552751070053,170.17552751070053,42.54388187767513,0.0
1228,-70399.06437238169,-70421.81592732204,0.0,27.765200429261792,0.1,167.61681993424213,167.61681993424213,41.90420498356053,0.0
1229,-70422.24111651044,-70439.58136105398,0.0,23.757356909627752,0.1,167.67200265835822,167.67200265835822,41.918000664589556,0.0
1230,-68762.87878709803,-68789.88410368277,0.0,25.701799349240236,0.1,163.72113996928104,163.72113996928104,40.93028499232026,0.0
1231,-69548.35453297748,-69543.68383594161,0.0,19.414067691464986,0.1,165.59132031661306,165.59132031661306,41.397830079153266,0.0
1232,-70202.35052354012,-70215.4920660182,0.0,26.549994915827774,0.1,167.1484536274765,167.1484536274765,41.787113406869125,0.0
1233,-70395.596377853,-70410.030492964,0.0,31.094853948968314,0.1,167.6085628044119,167.6085628044119,41.90214070110297,0.0
1234,-71733.84860313949,-71729.3375844991,0.0,25.717939682525802,0.1,170.79487762652258,170.79487762652258,42.698719406630644,0.0
1235,-71529.91906328374,-71526.73927102987,0.0,28.79856147742084,0.1,170.30933110305654,170.30933110305654,42.577332775764134,0.0
1236,-70849.62366348894,-70863.67907634452,2.7755575615628914e-17,27.09804986012059,0.1,168.68958015116414,168.68958015116414,42.172395037791034,-8.260587980841938e-19
1237,-71987.9033690891,-71994.26453948319,0.0,31.397324658288756,0.1,171.39976992640263,171.39976992640263,42.84994248160066,0.0
1238,-72067.20381511858,-72092.62106175917,0.0,27.917721515059437,0.1,171.58858051218712,171.58858051218712,42.89714512804678,0.0
1239,-70479.50331805431,-70493.20814558568,0.0,27.899286426475662,0.1,167.80834123346264,167.80834123346264,41.95208530836566,0.0
1240,-71267.54830175053,-71275.47937607065,0.0,29.27777829510356,0.1,169.68463881369175,169.68463881369175,42.42115970342294,0.0
1241,-71237.65899985022,-71269.15380879346,2.7755575615628914e-17,30.35305279989593,0.1,169.61347380916717,169.61347380916717,42.403368452291794,-8.260587980841938e-19
1242,-70331.77267544014,-70339.47665074206,0.0,26.807086586365514,0.1,167.45660160819082,167.45660160819082,41.864150402047706,0.0
1243,-72282.13055427054,-72284.19913883295,5.551115123125783e-17,27.861951555878377,0.1,172.1003108435013,172.1003108435013,43.02507771087532,-1.6521175961683876e-18
1244,-70844.61958248977,-70864.1256166184,0.0,15.65091830233918,0.1,168.6776656725947,168.6776656725947,42.16941641814868,0.0
1245,-72020.65695797687,-72024.03911953775,0.0,23.584305516281166,0.1,171.4777546618497,171.4777546618497,42.869438665462425,0.0
1246,-72018.32856747681,-72030.31997000541,0.0,18.952615322905974,0.1,171.4722108749448,171.4722108749448,42.8680527187362,0.0
1247,-69597.97947957211,-69616.86926686563,0.0,26.25736804470256,0.1,165.70947495136218,165.70947495136218,41.427368737840546,0.0
1248,-70330.25058413547,-70343.30789281569,0.0,21.221042499208185,0.1,167.45297758127495,167.45297758127495,41.86324439531874,0.0
1249,-72571.64419994329,-72597.13127120746,0.0,33.27703556544148,0.1,172.78962904748403,172.78962904748403,43.19740726187101,0.0
1250,-70829.04036943355,-70839.20475459509,0.0,21.939165414225897,0.1,168.64057230817514,168.64057230817514,42.160143077043784,0.0
1251,-71361.56826463564,-71381.48034128976,2.7755575615628914e-17,23.209853101265068,0.1,169.9084958681801,169.9084958681801,42.477123967045024,-8.260587980841938e-19
1252,-69646.40897876168,-69660.01500675506,2.7755575615628914e-17,28.698265758623357,0.1,165.8247832827659,165.8247832827659,41.45619582069148,-8.260587980841938e-19
1253,-68682.99228850778,-68678.89872763271,0.0,31.591511624263347,0.1,163.53093402025664,163.53093402025664,40.88273350506416,0.0
1254,-67406.1262806069,-67421.85308585019,0.0,22.9425342771891,0.1,160.49077685858788,160.49077685858788,40.12269421464697,0.0
1255,-67949.89891895615,-67964.00657741394,0.0,24.812146775102594,0.1,161.78547361656229,161.78547361656229,40.44636840414057,0.0
1256,-69551.87323472623,-69549.56122169178,0.0,32.47469113726618,0.1,165.59969817791958,165.59969817791958,41.399924544479894,0.0
1257,-68271.79202918136,-68287.20528550407,0.0,27.215010652236877,0.1,162.55188578376516,162.55188578376516,40.63797144594129,0.0
1258,-67705.31613854546,-67729.8316362512,0.0,19.894187712198498,0.1,161.20313366320346,161.20313366320346,40.300783415800865,0.0
1259,-66268.89850266011,-66288.63322165047,0.0,23.661794545506034,0.1,157.78309167300029,157.78309167300029,39.44577291825007,0.0
1260,-64741.490557727215,-64764.95826547938,0.0,14.363862898242523,0.1,154.1464060898267,154.1464060898267,38.53660152245668,0.0
1261,-67485.50575604162,-67499.5148130392,0.0,21.98589672108019,0.1,160.6797756096229,160.6797756096229,40.16994390240573,0.0
1262,-67155.10964409042,-67174.43227359676,0.0,27.350220936841012,0.1,159.8931182002153,159.8931182002153,39.973279550053824,0.0
1263,-67272.35886165054,-67280.28260270233,0.0,21.43913067911978,0.1,160.17228300392986,160.17228300392986,40.043070750982466,0.0
1264,-66118.70267685482,-66132.59602316924,0.0,20.516788863423958,0.1,157.42548256394008,157.42548256394008,39.35637064098502,0.0
1265,-66811.4351128573,-66834.85494981182,0.0,23.15396399776277,0.1,159.07484550680311,159.07484550680311,39.76871137670078,0.0
1266,-67511.98610266518,-67497.91622047196,0.0,23.12588971689097,0.1,160.7428240539647,160.7428240539647,40.18570601349118,0.0
1267,-68157.41352524124,-68162.0280870328,0.0,16.843620922695273,0.1,162.27955601247916,162.27955601247916,40.56988900311979,0.0
1268,-66451.7635096186,-66454.38924323638,0.0,25.547042359164852,0.1,158.21848454671095,158.21848454671095,39.55462113667774,0.0
1269,-67223.23942535426,-67251.52583363674,0.0,26.565922369324902,0.1,160.0553319651292,160.0553319651292,40.0138329912823,0.0
1270,-68287.23599504353,-68296.17096116138,2.7755575615628914e-17,27.279520975853515,0.1,162.58865713105604,162.58865713105604,40.64716428276401,-8.260587980841938e-19
1271,-68091.47363566488,-68101.88273256269,0.0,21.526998154184277,0.1,162.12255627539258,162.12255627539258,40.530639068848146,0.0
1272,-66229.7240421218,-66233.18041543948,0.0,16.240855966241405,0.1,157.68981914790908,157.68981914790908,39.42245478697727,0.0
1273,-66693.99578986144,-66705.09655279585,0.0,25.79026744960066,0.1,158.79522807109865,158.79522807109865,39.69880701777466,0.0
1274,-66586.36333339583,-66600.39709669568,0.0,22.920165360263205,0.1,158.5389603176091,158.5389603176091,39.63474007940228,0.0
1275,-66790.75025126735,-66796.29279066039,0.0,28.041230958424844,0.1,159.02559583635085,159.02559583635085,39.75639895908771,0.0
1276,-66722.31073138103,-66724.13941218157,0.0,28.880139569217377,0.1,158.8626445985263,158.8626445985263,39.71566114963157,0.0
1277,-67523.94301205169,-67528.92084186242,0.0,21.237823813234826,0.1,160.77129288583737,160.77129288583737,40.19282322145934,0.0
1278,-67259.50946443762,-67259.84161253147,0.0,22.492989265571815,0.1,160.14168920104197,160.14168920104197,40.03542230026049,0.0
1279,-64862.79763248902,-64887.5507570738,0.0,27.578140442219784,0.1,154.43523245830718,154.43523245830718,38.608808114576796,0.0
1280,-67714.56804406457,-67739.35226518485,0.0,27.61071272966968,0.1,161.22516200967755,161.22516200967755,40.30629050241939,0.0
1281,-66343.09532924053,-66347.05863095523,0.0,23.346053878362213,0.1,157.95975078390603,157.95975078390603,39.48993769597651,0.0
1282,-66056.63974849004,-66063.83775719887,0.0,31.6528745201952,0.1,157.27771368688104,157.27771368688104,39.31942842172026,0.0
1283,-66419.51983436002,-66422.55194789576,0.0,29.468488446945553,0.1,158.14171389133338,158.14171389133338,39.535428472833345,0.0
1284,-65843.19318727189,-65867.12272597298,0.0,34.14810100858044,0.1,156.76950758874258,156.76950758874258,39.192376897185646,0.0
1285,-66045.25257979271,-66056.1557138664,0.0,28.561610797900812,0.1,157.25060138045885,157.25060138045885,39.31265034511471,0.0
1286,-65930.48670280668,-65968.30322117207,0.0,21.911791615331516,0.1,156.97734929239687,156.97734929239687,39.24433732309922,0.0
1287,-64450.771072394644,-64450.420669919324,0.0,15.599949830461181,0.1,153.45421683903487,153.45421683903487,38.36355420975872,0.0
1288,-68882.7928663853,-68904.9199866739,0.0,15.58424895970708,0.1,164.00664968186976,164.00664968186976,41.00166242046744,0.0
1289,-66566.33052808515,-66577.60733755578,0.0,27.186565935194803,0.1,158.49126316210751,158.49126316210751,39.62281579052688,0.0
1290,-69290.94346885046,-69307.79522421876,5.551115123125783e-17,27.12722432092086,0.1,164.9784368305963,164.9784368305963,41.24460920764908,-1.6521175961683876e-18
1291,-67361.366028265,-67378.58892682301,0.0,31.394329066566968,0.1,160.3842048292024,160.3842048292024,40.0960512073006,0.0
1292,-68405.22358463707,-68410.70042082969,0.0,21.615024307707344,0.1,162.86957996342161,162.86957996342161,40.717394990855404,0.0
1293,-68910.35573739935,-68917.62914294665,2.7755575615628914e-17,29.150959059313053,0.1,164.07227556523657,164.07227556523657,41.01806889130914,-8.260587980841938e-19
1294,-70226.43044954889,-70250.43443543284,0.0,27.25612659659254,0.1,167.20578678464022,167.20578678464022,41.801446696160056,0.0
1295,-70136.40015917305,-70163.23509584194,0.0,19.109795663118096,0.1,166.99142895041203,166.99142895041203,41.74785723760301,0.0
1296,-69143.36010141118,-69175.03234252668,0.0,32.61619310856129,0.1,164.6270478605028,164.6270478605028,41.1567619651257,0.0
1297,-67123.98943084168,-67146.34565081414,0.0,33.9089945438553,0.1,159.81902245438496,159.81902245438496,39.95475561359624,0.0
1298,-66532.42845033207,-66530.8622182553,0.0,22.377759318686742,0.1,158.41054392936206,158.41054392936206,39.602635982340516,0.0
1299,-68188.99105793983,-68196.63802333301,0.0,28.607396618786716,0.1,162.35474061414246,162.35474061414246,40.588685153535614,0.0
1300,-66085.24059577344,-66089.73918837743,0.0,28.787475746687427,0.1,157.34581094231774,157.34581094231774,39.336452735579435,0.0
1301,-67813.01977671249,-67841.72513815245,0.0,28.476014500419996,0.1,161.4595708969345,161.4595708969345,40.36489272423363,0.0
1302,-66696.95533249993,-66714.79284273654,0.0,20.060633295496253,0.1,158.8022746011903,158.8022746011903,39.700568650297576,0.0
1303,-68025.39636795086,-68031.92785828961,0.0,31.248094526483335,0.1,161.96522944750205,161.96522944750205,40.49130736187551,0.0
1304,-66371.6102334716,-66394.40372351065,0.0,24.80490240311228,0.1,158.02764341302762,158.02764341302762,39.506910853256905,0.0
1305,-65886.2734257627,-65897.09433030504,0.0,14.870960634443115,0.1,156.8720795851493,156.8720795851493,39.21801989628732,0.0
1306,-66117.27286623746,-66121.56434205061,0.0,34.55709543569861,0.1,157.42207825294633,157.42207825294633,39.355519563236584,0.0
1307,-67857.20200333525,-67859.39744762522,0.0,25.947399106105404,0.1,161.56476667460774,161.56476667460774,40.391191668651935,0.0
1308,-65520.13532482926,-65545.20976456121,0.0,18.725386659988537,0.1,156.00032220197443,156.00032220197443,39.00008055049361,0.0
1309,-66174.43662890854,-66191.28373365635,0.0,29.689577687553275,0.1,157.55818244978227,157.55818244978227,39.389545612445566,0.0
1310,-67410.34234989207,-67425.46734311114,0.0,39.34201527833384,0.1,160.50081511879065,160.50081511879065,40.125203779697664,0.0
1311,-67137.0902723605,-67135.40427977171,2.7755575615628914e-17,30.293642649419397,0.1,159.85021493419168,159.85021493419168,39.96255373354792,-8.260587980841938e-19
1312,-66749.24272380689,-66762.51470643292,0.0,28.859600774183377,0.1,158.9267683900164,158.9267683900164,39.7316920975041,0.0
1313,-67582.67464273373,-67602.08771425072,0.0,21.334219014450017,0.1,160.911130101747,160.911130101747,40.22778252543675,0.0
1314,-65976.2627873176,-65993.55275124218,0.0,15.710492743008563,0.1,157.08633996980382,157.08633996980382,39.271584992450954,0.0
1315,-67145.92512815325,-67166.95760315897,0.0,26.49079232995263,0.1,159.87125030512678,159.87125030512678,39.967812576281695,0.0
1316,-65732.08965358905,-65753.47625527548,0.0,30.290591625435752,0.1,156.50497536568824,156.50497536568824,39.12624384142206,0.0
1317,-66417.68315520017,-66436.35935360227,0.0,25.740447098991382,0.1,158.1373408457147,158.1373408457147,39.534335211428676,0.0
1318,-67289.65751918819,-67295.84683582158,0.0,21.438896181754746,0.1,160.2134702837814,160.2134702837814,40.05336757094535,0.0
1319,-66666.19788565456,-66693.06523185634,0.0,32.18167702852989,0.1,158.72904258489183,158.72904258489183,39.68226064622296,0.0
1320,-64845.85137778252,-64858.4702734194,0.0,25.230013736266372,0.1,154.39488423281554,154.39488423281554,38.598721058203886,0.0
1321,-67818.55352508496,-67824.50738133503,0.0,30.863784226337224,0.1,161.47274648829756,161.47274648829756,40.36818662207439,0.0
1322,-66241.45762794926,-66263.11179618617,0.0,34.70608718231875,0.1,157.71775625702207,157.71775625702207,39.42943906425552,0.0
1323,-65684.94960678331,-65691.16637601152,0.0,23.109960504908916,0.1,156.39273715900788,156.39273715900788,39.09818428975197,0.0
1324,-66596.8069112846,-66614.12137050985,0.0,28.232447688628852,0.1,158.56382597924906,158.56382597924906,39.640956494812265,0.0
1325,-67295.08409702496,-67307.92742064947,0.0,20.635194547731498,0.1,160.22639070720228,160.22639070720228,40.05659767680057,0.0
1326,-67969.98672704039,-67993.80080232963,0.0,28.605676812727907,0.1,161.83330173104855,161.83330173104855,40.45832543276214,0.0
1327,-66879.79249401226,-66885.62975300662,0.0,31.77721400552748,0.1,159.23760117621967,159.23760117621967,39.80940029405492,0.0
1328,-64931.11726496348,-64957.81925205545,0.0,25.671482486238965,0.1,154.59789824991307,154.59789824991307,38.64947456247827,0.0
1329,-66871.56913340712,-66887.36511203088,0.0,27.770288855579537,0.1,159.21802174620743,159.21802174620743,39.80450543655186,0.0
1330,-63835.6930727692,-63842.07604206664,0.0,25.15015739582041,0.1,151.98974541135527,151.98974541135527,37.99743635283882,0.0
1331,-67405.20959338493,-67398.68575793885,0.0,29.38227822751468,0.1,160.48859426996412,160.48859426996412,40.12214856749103,0.0
1332,-67506.7340559917,-67506.11912376729,0.0,32.51709914214499,0.1,160.73031918093264,160.73031918093264,40.18257979523316,0.0
1333,-66299.84315011512,-66311.54194917546,0.0,23.941665090344117,0.1,157.856769405036,157.856769405036,39.464192351259,0.0
1334,-66725.02698784624,-66733.7496487854,0.0,23.55980563038962,0.1,158.86911187582442,158.86911187582442,39.717277968956104,0.0
1335,-66027.6709995385,-66056.85631298998,0.0,12.560956717324602,0.1,157.20874047509167,157.20874047509167,39.30218511877292,0.0
1336,-64391.9802734591,-64419.74992731998,0.0,26.69011740550854,0.1,153.3142387463312,153.3142387463312,38.3285596865828,0.0
1337,-66516.41578888925,-66519.34557241068,2.7755575615628914e-17,19.62343803475381,0.1,158.3724185449744,158.3724185449744,39.5931046362436,-8.260587980841938e-19
1338,-65430.063710772905,-65461.82764104499,0.0,20.272465600286345,0.1,155.78586597803073,155.78586597803073,38.94646649450768,0.0
1339,-64187.48973110684,-64190.95622600088,0.0,30.686572711823647,0.1,152.82735650263535,152.82735650263535,38.20683912565884,0.0
1340,-69225.58489452617,-69243.97042328902,0.0,20.310372117318007,0.1,164.82282117744327,164.82282117744327,41.20570529436082,0.0
1341,-68933.91760353323,-68951.08385328729,0.0,19.871236581798613,0.1,164.12837524650772,164.12837524650772,41.03209381162693,0.0
1342,-66895.3701234119,-66921.37833739613,0.0,30.30685482436567,0.1,159.27469077002837,159.27469077002837,39.81867269250709,0.0
1343,-66211.30758641144,-66231.62764839966,0.0,26.808305306235084,0.1,157.64597044383677,157.64597044383677,39.41149261095919,0.0
1344,-67358.69108937346,-67391.30297062213,2.7755575615628914e-17,24.998431636941127,0.1,160.37783592707967,160.37783592707967,40.09445898176992,-8.260587980841938e-19
1345,-67610.62277515973,-67613.80403390553,0.0,27.247369564161534,0.1,160.97767327418984,160.97767327418984,40.24441831854746,0.0
1346,-66573.09016707791,-66608.95063757329,0.0,19.92620253407074,0.1,158.5073575406617,158.5073575406617,39.626839385165425,0.0
1347,-67712.46854362296,-67723.85391595602,0.0,27.082230190507264,0.1,161.2201631991023,161.2201631991023,40.305040799775576,0.0
1348,-64753.25141907321,-64767.712370583155,2.7755575615628914e-17,20.088482098113428,0.1,154.1744081406505,154.1744081406505,38.54360203516263,-8.260587980841938e-19
1349,-66150.353375545,-66176.5719541073,5.551115123125783e-17,36.6002036100863,0.1,157.50084137034526,157.50084137034526,39.375210342586314,-1.6521175961683876e-18
1350,-64283.72105328801,-64300.68236787825,2.7755575615628914e-17,20.47965855132,0.1,153.0564786983048,153.0564786983048,38.2641196745762,-8.260587980841938e-19
1351,-66905.8441028556,-66905.35449760506,0.0,26.289879906105906,0.1,159.29962881632287,159.29962881632287,39.824907204080716,0.0
1352,-65815.827305294,-65841.86607872717,0.0,27.375838732476907,0.1,156.70435072689048,156.70435072689048,39.17608768172262,0.0
1353,-66054.05207917359,-66069.0280407644,0.0,22.053641741053468,0.1,157.27155256946094,157.27155256946094,39.317888142365234,0.0
1354,-66853.66441964249,-66857.7427833153,0.0,29.17375663162441,0.1,159.17539147533927,159.17539147533927,39.79384786883482,0.0
1355,-63646.83795952913,-63670.975675742986,0.0,17.271351066546334,0.1,151.54009037983127,151.54009037983127,37.88502259495782,0.0
1356,-65217.638552189965,-65248.53694197177,0.0,27.870356104470005,0.1,155.28009179092848,155.28009179092848,38.82002294773212,0.0
1357,-66321.11889869199,-66350.11484514344,0.0,18.289361257574424,0.1,157.90742594926664,157.90742594926664,39.47685648731666,0.0
1358,-67568.18157143993,-67569.52332988578,0.0,24.255153451163515,0.1,160.8766227891427,160.8766227891427,40.21915569728567,0.0
1359,-66985.98890030786,-67006.0167445768,0.0,33.98180411463482,0.1,159.49044976263775,159.49044976263775,39.87261244065944,0.0
1360,-66256.09554663049,-66278.15633576864,0.0,23.786593615939832,0.1,157.75260844435832,157.75260844435832,39.43815211108958,0.0
1361,-64379.56135075397,-64384.29765867731,0.0,31.150002863595752,0.1,153.28466988274755,153.28466988274755,38.32116747068689,0.0
1362,-66574.5511772262,-66579.90412296868,0.0,33.14234277386161,0.1,158.51083613625286,158.51083613625286,39.627709034063216,0.0
1363,-65985.79721897784,-65997.95337248177,0.0,32.95291036308925,0.1,157.1090409975663,157.1090409975663,39.277260249391574,0.0
1364,-67241.01795263415,-67262.80726553475,0.0,24.31502255278771,0.1,160.0976617919861,160.0976617919861,40.024415447996525,0.0
1365,-67667.52249951991,-67677.32853580164,0.0,23.2954606132696,0.1,161.11314880838074,161.11314880838074,40.278287202095186,0.0
1366,-69789.16907699239,-69808.45224391614,0.0,25.385782481088583,0.1,166.1646882785533,166.1646882785533,41.54117206963833,0.0
1367,-65923.06532384543,-65932.12720976475,0.0,24.17184294841184,0.1,156.95967934248912,156.95967934248912,39.23991983562228,0.0
1368,-67176.96371809144,-67192.74948838864,0.0,14.35632952792594,0.1,159.94515170974154,159.94515170974154,39.986287927435384,0.0
1369,-68458.53775379516,-68478.11943494304,0.0,20.101393876415965,0.1,162.99651846141705,162.99651846141705,40.74912961535426,0.0
1370,-67021.82250834367,-67025.28918431161,0.0,16.56327826444645,0.1,159.57576787700876,159.57576787700876,39.89394196925219,0.0
1371,-65341.367973333,-65338.42904835432,0.0,18.222762484438555,0.1,155.57468565079284,155.57468565079284,38.89367141269821,0.0
1372,-68487.62553422748,-68495.53532465118,0.0,34.76629568763284,0.1,163.065775081494,163.065775081494,40.7664437703735,0.0
1373,-68841.74943911277,-68851.49064235382,0.0,25.888750531340158,0.1,163.9089272359828,163.9089272359828,40.9772318089957,0.0
1374,-69950.4546636156,-69969.45947748066,0.0,25.655325931079243,0.1,166.54870158003715,166.54870158003715,41.63717539500929,0.0
1375,-70491.59532764017,-70505.82089303291,0.0,19.023531182003776,0.1,167.8371317324766,167.8371317324766,41.95928293311915,0.0
1376,-69312.26437648799,-69341.77365197078,0.0,34.03598321818943,0.1,165.02920089639997,165.02920089639997,41.25730022409999,0.0
1377,-68949.4642876321,-68947.63770069087,0.0,19.8798570455681,0.1,164.16539116102882,164.16539116102882,41.041347790257205,0.0
1378,-70365.83422423832,-70378.03612081455,0.0,20.177311025449043,0.1,167.53770053390076,167.53770053390076,41.88442513347519,0.0
1379,-68641.26749425054,-68661.3271497851,0.0,21.358638987966934,0.1,163.4315892720251,163.4315892720251,40.85789731800627,0.0
1380,-70488.18763358757,-70524.83819426564,0.0,30.95274297171798,0.1,167.82901817520852,167.82901817520852,41.95725454380213,0.0
1381,-69610.61962646927,-69627.74536677559,0.0,30.13493131659866,0.1,165.73957053921254,165.73957053921254,41.434892634803134,0.0
1382,-70349.72189702654,-70375.78090127012,0.0,22.180262559708783,0.1,167.4993378500632,167.4993378500632,41.8748344625158,0.0
1383,-71666.5541914869,-71673.39201904148,0.0,25.390715314848237,0.1,170.63465283687358,170.63465283687358,42.658663209218396,0.0
1384,-69951.96500565892,-69975.58136690389,0.0,25.695301993267087,0.1,166.55229763252123,166.55229763252123,41.63807440813031,0.0
1385,-70748.30257827403,-70747.53261345212,5.551115123125783e-17,20.985877780245787,0.1,168.44833947208105,168.44833947208105,42.11208486802026,-1.6521175961683876e-18
1386,-71018.41446852376,-71032.6747398878,0.0,24.62167197837085,0.1,169.09146302029467,169.09146302029467,42.27286575507367,0.0
1387,-69768.59493225734,-69803.32035402524,0.0,18.07006028800501,0.1,166.11570221966036,166.11570221966036,41.52892555491509,0.0
1388,-69188.34911654018,-69208.40500895854,0.0,32.44556554164145,0.1,164.73416456319092,164.73416456319092,41.18354114079773,0.0
1389,-71100.89391576746,-71138.6084132217,0.0,22.978012884080194,0.1,169.2878426565892,169.2878426565892,42.3219606641473,0.0
1390,-74309.20901376361,-74329.12330829081,0.0,27.848801785993235,0.1,176.9266881280086,176.9266881280086,44.23167203200215,0.0
1391,-72443.70138176563,-72460.65619908116,0.0,24.50577399380347,0.1,172.48500328991818,172.48500328991818,43.121250822479546,0.0
1392,-72019.67333089933,-72039.03308479433,2.7755575615628914e-17,12.338769573901573,0.1,171.47541269261745,171.47541269261745,42.86885317315436,-8.260587980841938e-19
1393,-74093.75805593282,-74115.57875083345,0.0,25.630889518309836,0.1,176.41370965698292,176.41370965698292,44.10342741424573,0.0
1394,-70904.84201304067,-70917.61726407289,0.0,35.23431097859779,0.1,168.82105241200162,168.82105241200162,42.205263103000405,0.0
1395,-73082.89111826663,-73091.14177807873,0.0,22.984620054674846,0.1,174.00688361492055,174.00688361492055,43.50172090373014,0.0
1396,-72972.79294081684,-73007.7084738389,0.0,20.839693475750718,0.1,173.74474509718297,173.74474509718297,43.43618627429574,0.0
1397,-72524.11173743932,-72533.61058460995,0.0,24.26487288284575,0.1,172.67645651771267,172.67645651771267,43.169114129428166,0.0
1398,-70783.17846110798,-70806.58580592928,0.0,26.039012536766567,0.1,168.53137728835233,168.53137728835233,42.13284432208808,0.0
1399,-71779.5873754827,-71781.66112201118,0.0,22.33915718436405,0.1,170.903779465435,170.903779465435,42.72594486635875,0.0
1400,-73126.62815376895,-73135.55460943683,0.0,24.613894773884773,0.1,174.1110194137356,174.1110194137356,43.5277548534339,0.0
1401,-74149.53605580585,-74168.79449239215,0.0,27.09102877943986,0.1,176.54651441858536,176.54651441858536,44.13662860464634,0.0
1402,-73334.09251025371,-73331.33239271323,0.0,30.319704937804282,0.1,174.60498216727078,174.60498216727078,43.651245541817694,0.0
1403,-70163.50112219722,-70181.02681065719,0.0,31.92266023796953,0.1,167.05595505285055,167.05595505285055,41.76398876321264,0.0
1404,-69412.92052491964,-69432.36250819254,2.7755575615628914e-17,30.50661478867881,0.1,165.26885839266583,165.26885839266583,41.31721459816646,-8.260587980841938e-19
1405,-72809.63195357556,-72829.29740669006,0.0,31.73112878101374,0.1,173.35626655613228,173.35626655613228,43.33906663903307,0.0
1406,-71100.33407901131,-71120.5565853715,0.0,24.51042376778548,0.1,169.2865097119317,169.2865097119317,42.321627427982925,0.0
1407,-70504.8245883022,-70542.54893550667,0.0,29.44518561139946,0.1,167.8686299721481,167.8686299721481,41.96715749303703,0.0
1408,-70531.14613096444,-70551.88357517448,0.0,18.61847791730832,0.1,167.9313003118201,167.9313003118201,41.98282507795503,0.0
1409,-72367.54408640339,-72369.66101022875,0.0,26.463577410709267,0.1,172.30367639619857,172.30367639619857,43.07591909904964,0.0
1410,-70861.82613621655,-70878.28134819423,0.0,21.929387174958418,0.1,168.71863365765844,168.71863365765844,42.17965841441461,0.0
1411,-70548.06308149397,-70564.47290849009,2.7755575615628914e-17,32.94313464021798,0.1,167.97157876546183,167.97157876546183,41.99289469136546,-8.260587980841938e-19
1412,-69850.81935940398,-69872.77338414948,0.0,19.294957451236307,0.1,166.31147466524757,166.31147466524757,41.57786866631189,0.0
1413,-68144.8850166962,-68158.76992842476,0.0,20.975167595737197,0.1,162.24972623022904,162.24972623022904,40.56243155755726,0.0
1414,-70278.93130326523,-70290.05430410114,0.0,22.931921671851786,0.1,167.33078881729818,167.33078881729818,41.832697204324546,0.0
1415,-68916.8149621694,-68927.03850634336,0.0,18.724323140133023,0.1,164.08765467183193,164.08765467183193,41.02191366795798,0.0
1416,-71422.71876581598,-71436.4422190008,0.0,22.19696181576345,0.1,170.0540922995619,170.0540922995619,42.51352307489047,0.0
1417,-70089.2626392896,-70074.96815238959,0.0,35.26486012250832,0.1,166.87919676021335,166.87919676021335,41.71979919005334,0.0
1418,-69924.02618109029,-69949.91387763245,0.0,23.11849637537502,0.1,166.48577662164357,166.48577662164357,41.62144415541089,0.0
1419,-70332.24111209823,-70347.42930259563,0.0,19.14172826341219,0.1,167.45771693356724,167.45771693356724,41.86442923339181,0.0
1420,-71933.90386785216,-71965.86109663027,0.0,34.486443473865556,0.1,171.27119968536232,171.27119968536232,42.81779992134058,0.0
1421,-69778.83391388597,-69795.40085116844,0.0,30.117653220926723,0.1,166.14008074734755,166.14008074734755,41.53502018683689,0.0
1422,-71175.62515363115,-71192.37802142049,0.0,18.316372805620347,0.1,169.46577417531228,169.46577417531228,42.36644354382807,0.0
1423,-71866.20699569299,-71877.08876200336,0.0,25.659639833859785,0.1,171.1100166564119,171.1100166564119,42.77750416410297,0.0
1424,-69974.55569330763,-69985.0102161202,0.0,23.90673361282482,0.1,166.60608498406577,166.60608498406577,41.65152124601644,0.0
1425,-68758.97400992388,-68773.0600143488,0.0,24.595607510672693,0.1,163.71184288077114,163.71184288077114,40.927960720192786,0.0
1426,-67497.75133584422,-67513.2739207492,0.0,19.696974668016995,0.1,160.70893175201005,160.70893175201005,40.17723293800251,0.0
1427,-66808.41020489464,-66816.24004340336,2.7755575615628914e-17,18.577078671500153,0.1,159.06764334498726,159.06764334498726,39.766910836246815,-8.260587980841938e-19
1428,-68038.6435184042,-68063.42167390107,0.0,14.471765290798377,0.1,161.99677028191476,161.99677028191476,40.49919257047869,0.0
1429,-68641.5578707417,-68668.09377417486,0.0,31.931746986314216,0.1,163.43228064462312,163.43228064462312,40.85807016115578,0.0
1430,-68071.21856678902,-68083.19676091919,0.0,11.984314560863506,0.1,162.07432992092623,162.07432992092623,40.51858248023156,0.0
1431,-67183.83587189051,-67195.22276627083,2.7755575615628914e-17,24.679079193555904,0.1,159.9615139806917,159.9615139806917,39.990378495172926,-8.260587980841938e-19
1432,-66349.98448318198,-66354.8785009827,2.7755575615628914e-17,22.423908030958785,0.1,157.97615353138568,157.97615353138568,39.49403838284642,-8.260587980841938e-19
1433,-68540.15700230871,-68570.45895429734,0.0,28.324635811508706,0.1,163.19085000549694,163.19085000549694,40.797712501374235,0.0
1434,-66395.23259432052,-66400.98695317675,0.0,17.01200415202284,0.1,158.08388712933458,158.08388712933458,39.520971782333646,0.0
1435,-66660.51730939806,-66672.24713622195,0.0,23.93271610324781,0.1,158.7155174033287,158.7155174033287,39.678879350832176,0.0
1436,-67293.7615460698,-67313.72353794343,2.7755575615628914e-17,22.323416437161704,0.1,160.22324177635667,160.22324177635667,40.05581044408917,-8.260587980841938e-19
1437,-67105.15430520964,-67125.26930096326,0.0,34.675770200301145,0.1,159.77417691716582,159.77417691716582,39.943544229291454,0.0
1438,-66266.73378697169,-66289.88879719612,0.0,24.759557463346137,0.1,157.77793758802784,157.77793758802784,39.44448439700696,0.0
1439,-68133.47823610557,-68146.64673139504,0.0,23.216634329100643,0.1,162.2225672288228,162.2225672288228,40.5556418072057,0.0
1440,-68013.01831086505,-68039.82471998957,0.0,21.863432770243485,0.1,161.93575788301203,161.93575788301203,40.48393947075301,0.0
1441,-68741.38012340628,-68756.83235049629,0.0,25.255989509405428,0.1,163.66995267477688,163.66995267477688,40.91748816869422,0.0
1442,-67590.7627853692,-67600.74494344108,5.551115123125783e-17,18.137672260579496,0.1,160.93038758421238,160.93038758421238,40.232596896053096,-1.6521175961683876e-18
1443,-67973.1332407434,-67991.36298577957,0.0,24.694980140723082,0.1,161.84079343034142,161.84079343034142,40.460198357585355,0.0
1444,-68487.17532663688,-68507.17773133125,0.0,22.331998467804166,0.1,163.06470315865923,163.06470315865923,40.76617578966481,0.0
1445,-70064.26326688411,-70091.47147987224,2.7755575615628914e-17,20.616131093940776,0.1,166.81967444496217,166.81967444496217,41.704918611240544,-8.260587980841938e-19
1446,-70248.01850997935,-70280.13891281953,0.0,16.261817450858693,0.1,167.25718692852226,167.25718692852226,41.814296732130565,0.0
1447,-67801.90846342659,-67821.25616407215,0.0,27.377153412633117,0.1,161.43311538911092,161.43311538911092,40.35827884727773,0.0
1448,-66144.39812482386,-66151.44255414445,0.0,27.12196968930506,0.1,157.48666220196156,157.48666220196156,39.37166555049039,0.0
1449,-69035.59623636826,-69063.39142306587,0.0,13.915905803229677,0.1,164.37046722944825,164.37046722944825,41.09261680736206,0.0
1450,-67067.3575840104,-67087.38503208531,0.0,12.533645898349612,0.1,159.6841847238343,159.6841847238343,39.92104618095858,0.0
1451,-69431.65674981402,-69437.00010177879,0.0,33.145831824504725,0.1,165.31346845193815,165.31346845193815,41.32836711298454,0.0
1452,-68653.38143857133,-68662.56361823741,2.7755575615628914e-17,19.130600177955138,0.1,163.46043199659843,163.46043199659843,40.86510799914961,-8.260587980841938e-19
1453,-67491.68633234255,-67504.70695505271,2.7755575615628914e-17,35.339531690817765,0.1,160.69449126748228,160.69449126748228,40.17362281687057,-8.260587980841938e-19
1454,-68987.54360511708,-68984.22678264503,0.0,19.743450441803276,0.1,164.25605620265975,164.25605620265975,41.06401405066494,0.0
1455,-65537.80142007832,-65567.77573691012,0.0,34.288511717688664,0.1,156.0423843335198,156.0423843335198,39.01059608337995,0.0
1456,-68161.38131934547,-68175.34700710257,0.0,18.80473648736679,0.1,162.28900314129874,162.28900314129874,40.572250785324684,0.0
1457,-68405.12797206135,-68441.08640707945,0.0,32.97221195874599,0.1,162.8693523144318,162.8693523144318,40.71733807860795,0.0
1458,-68233.74163123235,-68255.53110110997,0.0,20.9379882553129,0.1,162.46128959817227,162.46128959817227,40.61532239954307,0.0
1459,-66358.41753883149,-66372.92724542311,0.0,24.198199594775847,0.1,157.99623223531307,157.99623223531307,39.49905805882827,0.0
1460,-70307.8238454919,-70326.13235853806,0.0,32.255007190656684,0.1,167.39958058450455,167.39958058450455,41.84989514612614,0.0
1461,-67804.07741641162,-67827.87158682299,0.0,19.613119615076208,0.1,161.43827956288482,161.43827956288482,40.359569890721204,0.0
1462,-68572.8858298822,-68601.6507943824,0.0,26.565660700065777,0.1,163.26877578543383,163.26877578543383,40.81719394635846,0.0
1463,-70427.32302990147,-70449.19368786005,0.0,32.33270429639302,0.1,167.68410245214636,167.68410245214636,41.92102561303659,0.0
1464,-69617.65218461497,-69621.53638211984,2.7755575615628914e-17,24.820872106467686,0.1,165.75631472527374,165.75631472527374,41.439078681318435,-8.260587980841938e-19
1465,-70582.64100266775,-70592.32645715415,2.7755575615628914e-17,17.16070287317272,0.1,168.05390714920892,168.05390714920892,42.01347678730223,-8.260587980841938e-19
1466,-71382.38232762735,-71400.8494274034,0.0,37.55778275792212,0.1,169.9580531610175,169.9580531610175,42.48951329025437,0.0
1467,-68361.64126954359,-68358.24049209853,5.551115123125783e-17,24.83859694475265,0.1,162.76581254653235,162.76581254653235,40.691453136633086,-1.6521175961683876e-18
1468,-68511.6832726241,-68533.08870197485,5.551115123125783e-17,25.615391008280906,0.1,163.12305541100977,163.12305541100977,40.78076385275244,-1.6521175961683876e-18
1469,-69216.19886448617,-69230.06758396102,0.0,18.503918182770878,0.1,164.80047348687185,164.80047348687185,41.20011837171796,0.0
1470,-70919.34000652868,-70936.66787395808,0.0,21.21618011492037,0.1,168.85557144411592,168.85557144411592,42.21389286102898,0.0
1471,-69358.08887959411,-69351.18966254433,0.0,30.972961102568654,0.1,165.13830685617646,165.13830685617646,41.284576714044114,0.0
1472,-71146.66986005778,-71171.2537182562,0.0,25.2583048842554,0.1,169.39683300013758,169.39683300013758,42.349208250034394,0.0
1473,-70215.19643044364,-70232.4871773257,2.7755575615628914e-17,30.371590063577806,0.1,167.17903912010394,167.17903912010394,41.794759780025984,-8.260587980841938e-19
1474,-70326.85057965455,-70344.09397622233,0.0,29.520087773806573,0.1,167.44488233251084,167.44488233251084,41.86122058312771,0.0
1475,-70397.63694428226,-70409.66212227353,2.7755575615628914e-17,31.559918692869733,0.1,167.61342129591017,167.61342129591017,41.90335532397754,-8.260587980841938e-19
1476,-69036.38622998432,-69054.59408724365,0.0,25.97025971802937,0.1,164.37234816662934,164.37234816662934,41.093087041657334,0.0
1477,-69773.40011414069,-69775.69950325358,0.0,26.434779271508543,0.1,166.12714312890643,166.12714312890643,41.531785782226606,0.0
1478,-71665.51077387577,-71672.19122470081,0.0,21.808586367357528,0.1,170.63216850922802,170.63216850922802,42.658042127307006,0.0
1479,-69752.7435978642,-69759.58984158104,2.7755575615628914e-17,19.668825340503876,0.1,166.07796094729574,166.07796094729574,41.519490236823934,-8.260587980841938e-19
1480,-70714.44480870884,-70750.692522739,0.0,31.656695309942016,0.1,168.36772573502105,168.36772573502105,42.09193143375526,0.0
1481,-69349.535182214,-69383.73885723544,0.0,18.88552490222218,0.1,165.11794091003333,165.11794091003333,41.27948522750833,0.0
1482,-68829.18835484728,-68844.9008923464,0.0,18.53246187397952,0.1,163.87901989249355,163.87901989249355,40.969754973123386,0.0
1483,-70552.63863870881,-70560.68168993684,0.0,20.409365082917127,0.1,167.9824729493067,167.9824729493067,41.995618237326674,0.0
1484,-68970.77403279806,-68998.16987286248,0.0,23.0188516094912,0.1,164.2161286495192,164.2161286495192,41.0540321623798,0.0
1485,-66957.90624750666,-66983.5900408436,0.0,28.02060444794259,0.1,159.42358630358729,159.42358630358729,39.85589657589682,0.0
1486,-68758.79507790707,-68796.83146542811,0.0,17.60277888430138,0.1,163.7114168521597,163.7114168521597,40.92785421303992,0.0
1487,-67830.57247500718,-67858.16480740505,0.0,30.732204352003638,0.1,161.5013630357314,161.5013630357314,40.37534075893285,0.0
1488,-70777.071559845,-70782.33777146474,0.0,30.0356666823658,0.1,168.51683704725002,168.51683704725002,42.129209261812505,0.0
1489,-71599.4144902058,-71617.77593983606,0.0,23.86261870023296,0.1,170.47479640525194,170.47479640525194,42.618699101312984,0.0
1490,-70031.88261414951,-70038.6432592798,0.0,21.40445274275407,0.1,166.7425776527369,166.7425776527369,41.68564441318423,0.0
1491,-70299.54654774615,-70335.04466870401,2.7755575615628914e-17,25.003414094787413,0.1,167.37987273272896,167.37987273272896,41.84496818318224,-8.260587980841938e-19
1492,-71213.07383644283,-71235.89513645814,0.0,21.045503091662233,0.1,169.55493770581626,169.55493770581626,42.388734426454064,0.0
1493,-70894.94863509753,-70902.15010563532,0.0,30.40992404624971,0.1,168.79749675023223,168.79749675023223,42.19937418755806,0.0
1494,-71712.92693512252,-71714.431173007,0.0,22.923931160473643,0.1,170.7450641312441,170.7450641312441,42.68626603281103,0.0
1495,-70022.25339538621,-70037.59366949694,0.0,25.556863009200264,0.1,166.71965094139574,166.71965094139574,41.679912735348935,0.0
1496,-69183.2319490775,-69196.44101622734,0.0,26.979098905479617,0.1,164.7219808311369,164.7219808311369,41.180495207784226,0.0
1497,-69263.15236630598,-69285.08092386415,0.0,28.67318772729665,0.1,164.91226753882378,164.91226753882378,41.228066884705946,0.0
1498,-69591.01158404688,-69596.1535459602,0.0,23.579224510356013,0.1,165.69288472392114,165.69288472392114,41.423221180980285,0.0
1499,-69275.24440434638,-69302.19203296515,2.7755575615628914e-17,29.47323593786936,0.1,164.94105810558662,164.94105810558662,41.235264526396655,-8.260587980841938e-19
1500,-67966.12771510876,-67967.39912059394,0.0,26.757399501761007,0.1,161.8241136074018,161.8241136074018,40.45602840185045,0.0
1501,-70192.23002324515,-70187.4477707514,0.0,25.234674510301847,0.1,167.12435719820274,167.12435719820274,41.781089299550686,0.0
1502,-69782.38913704245,-69816.36680720991,0.0,20.260536413655068,0.1,166.1485455643868,166.1485455643868,41.5371363910967,0.0
1503,-69554.2170374266,-69560.87380697168,0.0,28.820148907864297,0.1,165.60527866053954,165.60527866053954,41.401319665134885,0.0
1504,-68385.27028631959,-68384.8422711675,0.0,21.836224850574805,0.1,162.82207211028475,162.82207211028475,40.70551802757119,0.0
1505,-69235.78216312363,-69256.74657449944,0.0,21.828570761552985,0.1,164.8471003883896,164.8471003883896,41.2117750970974,0.0
1506,-71252.06345982997,-71264.70375995786,0.0,28.720928551575174,0.1,169.64777014245232,169.64777014245232,42.41194253561308,0.0
1507,-68656.96632576887,-68676.18178660423,2.7755575615628914e-17,26.33409198147701,0.1,163.46896744230685,163.46896744230685,40.86724186057671,-8.260587980841938e-19
1508,-70495.50863558166,-70507.11741278895,0.0,26.850305576344777,0.1,167.84644913233728,167.84644913233728,41.96161228308432,0.0
1509,-69251.48112245045,-69265.24379564945,0.0,27.289028049628925,0.1,164.8844788629773,164.8844788629773,41.22111971574432,0.0
1510,-70240.25793734626,-70250.28861709508,0.0,24.087155128102296,0.1,167.23870937463397,167.23870937463397,41.80967734365849,0.0
1511,-66698.7523896488,-66703.85281172328,0.0,24.82496194996882,0.1,158.80655330868763,158.80655330868763,39.701638327171906,0.0
1512,-69913.32714163631,-69920.21713300003,0.0,19.429767749190034,0.1,166.4603027181817,166.4603027181817,41.61507567954543,0.0
1513,-68631.15411021703,-68648.74072169559,0.0,26.063698879288303,0.1,163.40750978623103,163.40750978623103,40.85187744655776,0.0
1514,-71260.43794569766,-71283.26668304714,2.7755575615628914e-17,22.844372152124507,0.1,169.66770939451825,169.66770939451825,42.416927348629564,-8.260587980841938e-19
1515,-71224.80080926257,-71243.88133773094,0.0,27.753987861368316,0.1,169.5828590696728,169.5828590696728,42.3957147674182,0.0
1516,-70755.52407344923,-70774.97181152755,0.0,20.871731585989288,0.1,168.46553350821245,168.46553350821245,42.11638337705311,0.0
1517,-69266.23121053501,-69282.72484535772,2.7755575615628914e-17,26.820701480273307,0.1,164.91959812032147,164.91959812032147,41.22989953008037,-8.260587980841938e-19
1518,-69387.94687435857,-69403.01865902766,0.0,14.567611708144577,0.1,165.20939731990137,165.20939731990137,41.30234932997534,0.0
1519,-70340.79138014073,-70357.39627638046,0.0,36.06265519698621,0.1,167.4780747146208,167.4780747146208,41.8695186786552,0.0
1520,-69964.847837717,-69976.24744502942,0.0,21.359614510723393,0.1,166.58297104218332,166.58297104218332,41.64574276054583,0.0
1521,-67841.90253935565,-67860.63602495276,0.0,26.561891052332857,0.1,161.5283393794182,161.5283393794182,40.38208484485455,0.0
1522,-68339.42316117881,-68366.35051283297,0.0,18.71065922045556,0.1,162.712912288521,162.712912288521,40.67822807213025,0.0
1523,-68138.56802770129,-68160.88183022704,5.551115123125783e-17,27.952110306257318,0.1,162.23468578024116,162.23468578024116,40.55867144506029,-1.6521175961683876e-18
1524,-66984.26808551386,-66997.84662014445,0.0,26.69343658960845,0.1,159.48635258455684,159.48635258455684,39.87158814613921,0.0
1525,-67176.22778425914,-67201.52235907513,0.0,29.361576900142254,0.1,159.9433994863313,159.9433994863313,39.98584987158282,0.0
1526,-67937.69579368815,-67941.26560056742,0.0,29.10079093377742,0.1,161.75641855640038,161.75641855640038,40.439104639100094,0.0
1527,-69036.93713426648,-69051.29024821616,0.0,25.364370490077576,0.1,164.37365984349162,164.37365984349162,41.093414960872906,0.0
1528,-67320.59311774059,-67336.3250876506,5.551115123125783e-17,24.2487850560087,0.1,160.28712647081093,160.28712647081093,40.07178161770273,-1.6521175961683876e-18
1529,-67473.38007612085,-67500.29715109193,0.0,24.58141020075394,0.1,160.6509049431449,160.6509049431449,40.162726235786224,0.0
1530,-65562.28982574055,-65566.09436445672,2.7755575615628914e-17,23.032350720151356,0.1,156.10069006128703,156.10069006128703,39.025172515321756,-8.260587980841938e-19
1531,-66748.9906875581,-66765.7776347262,0.0,31.146073921485254,0.1,158.92616830370974,158.92616830370974,39.731542075927436,0.0
1532,-67855.9102848996,-67876.94123174908,2.7755575615628914e-17,20.74732360626478,0.1,161.56169115452286,161.56169115452286,40.390422788630715,-8.260587980841938e-19
1533,-64095.17752282831,-64135.029421995096,0.0,26.3238765548899,0.1,152.60756553054358,152.60756553054358,38.151891382635895,0.0
1534,-66761.81086369323,-66789.56477107322,0.0,24.241427832113853,0.1,158.95669253260294,158.95669253260294,39.739173133150736,0.0
1535,-66681.99808955588,-66702.33168200294,0.0,29.197342522592024,0.1,158.76666211799022,158.76666211799022,39.691665529497556,0.0
1536,-68504.14657568754,-68531.32852280508,0.0,30.286841526891124,0.1,163.10511089449415,163.10511089449415,40.77627772362354,0.0
1537,-68565.34553156095,-68589.06750156167,0.0,23.424566344029458,0.1,163.25082269419275,163.25082269419275,40.81270567354819,0.0
1538,-67750.58864624992,-67759.87118583036,0.0,26.663037551620988,0.1,161.3109253482141,161.3109253482141,40.32773133705353,0.0
1539,-68114.48922485026,-68138.82050557368,0.0,23.886396496116966,0.1,162.17735529726252,162.17735529726252,40.54433882431563,0.0
1540,-68066.7451201361,-68092.39683979323,0.0,32.263083727430896,0.1,162.0636788574669,162.0636788574669,40.515919714366724,0.0
1541,-70564.8493995381,-70570.68619034736,2.7755575615628914e-17,20.815396481018603,0.1,168.01154618937645,168.01154618937645,42.00288654734411,-8.260587980841938e-19
1542,-67973.13917269246,-67986.7354221034,0.0,26.538063340945982,0.1,161.84080755402968,161.84080755402968,40.46020188850742,0.0
1543,-68522.7911522737,-68532.54548213603,0.0,31.76101339433572,0.1,163.1495027435088,163.1495027435088,40.7873756858772,0.0
1544,-70027.43551242977,-70046.67618104495,0.0,25.197235241203696,0.1,166.731989315309,166.731989315309,41.68299732882725,0.0
1545,-72191.36600714986,-72192.00691191117,2.7755575615628914e-17,18.420920917862464,0.1,171.88420477892825,171.88420477892825,42.97105119473206,-8.260587980841938e-19
1546,-68745.89673843587,-68763.70683093868,2.7755575615628914e-17,14.337021869225818,0.1,163.6807065200854,163.6807065200854,40.92017663002135,-8.260587980841938e-19
1547,-70368.85590649422,-70393.98228059066,0.0,24.209230778138398,0.1,167.54489501546246,167.54489501546246,41.886223753865615,0.0
1548,-70925.9067830255,-70973.33771272145,0.0,36.539581253080556,0.1,168.87120662625117,168.87120662625117,42.21780165656279,0.0
1549,-68906.82482133675,-68920.01033064428,0.0,24.468314987343426,0.1,164.06386862223036,164.06386862223036,41.01596715555759,0.0
1550,-71350.23996320514,-71375.19577834517,0.0,33.51586304959019,0.1,169.881523721917,169.881523721917,42.47038093047925,0.0
1551,-71420.28363100486,-71418.9033404305,0.0,16.06812267322657,0.1,170.0482943595354,170.0482943595354,42.51207358988385,0.0
1552,-70155.33993966345,-70164.1195916079,0.0,27.91368791586932,0.1,167.03652366586536,167.03652366586536,41.75913091646634,0.0
1553,-70386.18895387847,-70406.15768978355,0.0,30.34885727491925,0.1,167.58616417590116,167.58616417590116,41.89654104397529,0.0
1554,-69945.40409689049,-69948.40712160684,0.0,13.419280685155616,0.1,166.53667642116784,166.53667642116784,41.63416910529196,0.0
1555,-69140.93128471076,-69164.51142666378,2.7755575615628914e-17,20.859018635173825,0.1,164.62126496359707,164.62126496359707,41.15531624089927,-8.260587980841938e-19
1556,-69440.72628697795,-69435.54140833406,0.0,25.725318729796907,0.1,165.33506258804275,165.33506258804275,41.33376564701069,0.0
1557,-70311.73559908412,-70334.6673559663,0.0,24.389714339393613,0.1,167.4088942835336,167.4088942835336,41.8522235708834,0.0
1558,-69668.332220623,-69678.75373676117,5.551115123125783e-17,24.203188839270467,0.1,165.8769814776738,165.8769814776738,41.46924536941845,-1.6521175961683876e-18
1559,-69282.08395514768,-69293.37812752367,0.0,18.259764440299165,0.1,164.95734275035161,164.95734275035161,41.239335687587904,0.0
1560,-66687.05003576676,-66694.90322899686,2.7755575615628914e-17,27.606399525069072,0.1,158.77869056134946,158.77869056134946,39.694672640337366,-8.260587980841938e-19
1561,-70133.35436602609,-70151.57115143986,0.0,25.8402990298341,0.1,166.9841770619669,166.9841770619669,41.746044265491726,0.0
1562,-68901.3959835512,-68906.44449873267,2.7755575615628914e-17,24.092484189321663,0.1,164.05094281797906,164.05094281797906,41.012735704494766,-8.260587980841938e-19
1563,-71376.78710795932,-71370.01645749489,0.0,25.892383319426948,0.1,169.94473120942695,169.94473120942695,42.48618280235674,0.0
1564,-71767.07484001605,-71796.36341709418,0.0,17.62933933978947,0.1,170.87398771432396,170.87398771432396,42.71849692858099,0.0
1565,-69277.62283990826,-69286.76356317509,0.0,26.64553389355065,0.1,164.94672104740062,164.94672104740062,41.236680261850154,0.0
1566,-69768.52224112314,-69796.05066746741,2.7755575615628914e-17,22.758876918499254,0.1,166.11552914553127,166.11552914553127,41.52888228638282,-8.260587980841938e-19
1567,-68485.51909469074,-68493.59659139808,0.0,15.155384287919585,0.1,163.06075974926367,163.06075974926367,40.76518993731592,0.0
1568,-69607.74911856589,-69623.78349985897,0.0,35.21038020071872,0.1,165.73273599658546,165.73273599658546,41.433183999146365,0.0
1569,-66757.30950448889,-66775.08308910854,0.0,24.888605104081435,0.1,158.94597501068785,158.94597501068785,39.73649375267196,0.0
1570,-69657.9206164453,-69676.14143955297,0.0,24.94453998025699,0.1,165.8521919439174,165.8521919439174,41.46304798597935,0.0
1571,-70232.73530679764,-70239.60516307503,2.7755575615628914e-17,29.116399578388528,0.1,167.2207983495182,167.2207983495182,41.80519958737955,-8.260587980841938e-19
1572,-68428.70868471693,-68445.96629994805,2.7755575615628914e-17,25.088066259668288,0.1,162.92549686837364,162.92549686837364,40.73137421709341,-8.260587980841938e-19
1573,-70582.62968020914,-70587.87601993636,0.0,31.517539659673794,0.1,168.05388019097413,168.05388019097413,42.01347004774353,0.0
1574,-66992.12791776325,-67013.77494521659,0.0,22.23539581316349,0.1,159.5050664708649,159.5050664708649,39.876266617716226,0.0
1575,-67917.82496862464,-67942.84321716145,0.0,22.512145808073964,0.1,161.7091070681539,161.7091070681539,40.42727676703848,0.0
1576,-66991.93535797822,-66999.1153230531,0.0,21.201484412598564,0.1,159.50460799518623,159.50460799518623,39.87615199879656,0.0
1577,-67901.97263995223,-67899.26195442135,0.0,27.35771190209103,0.1,161.6713634284577,161.6713634284577,40.41784085711443,0.0
1578,-66987.95659805072,-66984.64514926734,0.0,18.857780843671186,0.1,159.49513475726363,159.49513475726363,39.87378368931591,0.0
1579,-67993.47264162093,-67987.71676153014,0.0,24.569651536045534,0.1,161.88922057528794,161.88922057528794,40.472305143821984,0.0
1580,-66127.80078502858,-66141.29758042586,0.0,23.36651893406818,0.1,157.44714472625853,157.44714472625853,39.36178618156463,0.0
1581,-67069.4477481421,-67074.0219711954,0.0,19.1388312328168,0.1,159.68916130510027,159.68916130510027,39.92229032627507,0.0
1582,-68097.89194085562,-68117.53563949109,0.0,22.247240341457562,0.1,162.13783795441816,162.13783795441816,40.53445948860454,0.0
1583,-68959.43198031727,-68977.59556353262,0.0,20.573756569378887,0.1,164.1891237626602,164.1891237626602,41.04728094066505,0.0
1584,-66126.21394885423,-66143.02457628194,0.0,31.516390186580317,0.1,157.44336654489103,157.44336654489103,39.36084163622276,0.0
1585,-66224.86815489182,-66245.72981289575,0.0,22.937930908917597,0.1,157.67825751164722,157.67825751164722,39.419564377911804,0.0
1586,-64728.1559444441,-64745.72793414766,0.0,23.796674127348936,0.1,154.1146570105812,154.1146570105812,38.5286642526453,0.0
1587,-64735.56412822613,-64750.642930073074,0.0,23.371944739257483,0.1,154.13229554339554,154.13229554339554,38.533073885848886,0.0
1588,-67263.52869259109,-67276.88534053224,0.0,26.060466765370876,0.1,160.15125879188358,160.15125879188358,40.037814697970894,0.0
1589,-66789.90982683755,-66794.97623984174,2.7755575615628914e-17,19.920605865050106,0.1,159.0235948258037,159.0235948258037,39.75589870645093,-8.260587980841938e-19
1590,-66160.01910170024,-66161.13367616193,0.0,16.99864447748145,0.1,157.5238550040482,157.5238550040482,39.38096375101205,0.0
1591,-66600.41998932126,-66603.24716239906,0.0,25.797312534020644,0.1,158.57242854600304,158.57242854600304,39.64310713650076,0.0
1592,-68444.25999673213,-68450.33212157722,0.0,27.56807232115548,0.1,162.96252380174317,162.96252380174317,40.74063095043579,0.0
1593,-66524.25410693455,-66539.60124442207,0.0,15.157478932809731,0.1,158.39108120698702,158.39108120698702,39.597770301746756,0.0
1594,-67406.34491224967,-67427.89466809189,0.0,29.05399322795855,0.1,160.49129741011825,160.49129741011825,40.12282435252956,0.0
1595,-66809.3640218374,-66814.42539508906,0.0,27.10095771447496,0.1,159.06991433770813,159.06991433770813,39.76747858442703,0.0
1596,-67241.92956203033,-67248.36457965623,0.0,25.48835188374168,0.1,160.09983229054842,160.09983229054842,40.024958072637105,0.0
1597,-68030.86092093724,-68033.21593686768,0.0,16.034467737327116,0.1,161.9782402879458,161.9782402879458,40.49456007198645,0.0
1598,-67872.81724142154,-67883.98906952541,5.551115123125783e-17,24.381355268625818,0.1,161.60194581290844,161.60194581290844,40.40048645322711,-1.6521175961683876e-18
1599,-65430.46885391016,-65441.49205697401,0.0,19.0798472088872,0.1,155.78683060454802,155.78683060454802,38.946707651137004,0.0
1600,-66196.65831278548,-66207.65932216417,0.0,26.34647376290367,0.1,157.6110912209178,157.6110912209178,39.40277280522945,0.0
1601,-64230.86249463012,-64245.4135643289,0.0,25.91250515299607,0.1,152.9306249872146,152.9306249872146,38.23265624680365,0.0
1602,-64800.62215742981,-64808.92100542527,0.0,30.858589573580797,0.1,154.28719561292814,154.28719561292814,38.571798903232036,0.0
1603,-66765.06963497601,-66768.30790161046,0.0,27.437801485433592,0.1,158.96445151184767,158.96445151184767,39.74111287796192,0.0
1604,-66589.9120247284,-66616.730935658,0.0,27.40454046374448,0.1,158.54740958268667,158.54740958268667,39.63685239567167,0.0
1605,-64046.32782285131,-64059.30258058066,0.0,22.358514766685104,0.1,152.49125672107454,152.49125672107454,38.122814180268634,0.0
1606,-65368.883327346484,-65394.24420385695,0.0,17.885125373691636,0.1,155.640198398444,155.640198398444,38.910049599611,0.0
1607,-65454.281657485204,-65459.580414881406,0.0,23.01221117254139,0.1,155.84352775591717,155.84352775591717,38.96088193897929,0.0
1608,-65717.06100083294,-65744.43753840806,0.0,26.89883818020448,0.1,156.46919285912605,156.46919285912605,39.11729821478151,0.0
1609,-66708.81066955587,-66714.13021197077,0.0,23.448461473075483,0.1,158.83050159418065,158.83050159418065,39.70762539854516,0.0
1610,-66250.5104340233,-66259.36720258233,0.0,21.451055038832326,0.1,157.73931055719834,157.73931055719834,39.434827639299584,0.0
1611,-65874.73002636206,-65899.51892194763,0.0,18.141284353682472,0.1,156.84459530086204,156.84459530086204,39.21114882521551,0.0
1612,-65256.01763696967,-65287.10544552701,0.0,29.141148450923115,0.1,155.3714705642135,155.3714705642135,38.842867641053374,0.0
1613,-66497.96939471635,-66523.87801142238,0.0,22.68530243987371,0.1,158.32849855884845,158.32849855884845,39.58212463971211,0.0
1614,-67841.58444740566,-67855.08504021488,0.0,17.83424092737644,0.1,161.52758201763254,161.52758201763254,40.381895504408135,0.0
1615,-65400.198099381334,-65409.95147531066,5.551115123125783e-17,27.468274238215756,0.1,155.71475737947938,155.71475737947938,38.928689344869845,-1.6521175961683876e-18
1616,-67711.82723249064,-67739.78786310846,0.0,19.464215915987744,0.1,161.21863626783488,161.21863626783488,40.30465906695872,0.0
1617,-66392.68610685224,-66404.0310474824,2.7755575615628914e-17,24.24350389883739,0.1,158.07782406393392,158.07782406393392,39.51945601598348,-8.260587980841938e-19
1618,-67308.12806978668,-67309.17017776475,0.0,27.956746208792,0.1,160.25744778520638,160.25744778520638,40.064361946301595,0.0
1619,-66755.01009129608,-66762.77018797865,2.7755575615628914e-17,24.02304824411488,0.1,158.9405002173716,158.9405002173716,39.7351250543429,-8.260587980841938e-19
1620,-67725.73982438206,-67736.22033066295,0.0,21.053307471401627,0.1,161.251761486624,161.251761486624,40.312940371656,0.0
1621,-67125.87220479472,-67140.80175493992,0.0,23.92195210715989,0.1,159.82350524951124,159.82350524951124,39.95587631237781,0.0
1622,-68237.95294539459,-68249.2343665718,0.0,21.357691891598286,0.1,162.47131653665377,162.47131653665377,40.61782913416344,0.0
1623,-67539.13876530078,-67557.3340120086,0.0,33.26808634246142,0.1,160.80747325071616,160.80747325071616,40.20186831267904,0.0
1624,-66535.396763445,-66551.7956357734,0.0,29.980591074555644,0.1,158.41761134153572,158.41761134153572,39.60440283538393,0.0
1625,-67000.2795280238,-67001.37730877227,0.0,25.78880719646885,0.1,159.52447506672337,159.52447506672337,39.88111876668084,0.0
1626,-67222.63364263136,-67226.65995944165,0.0,17.615375362340494,0.1,160.0538896253128,160.0538896253128,40.0134724063282,0.0
1627,-65768.90330796468,-65776.50959389009,0.0,30.959496672067864,0.1,156.59262692372545,156.59262692372545,39.14815673093136,0.0
1628,-66627.51980487347,-66652.01996316017,0.0,26.215023610272,0.1,158.63695191636543,158.63695191636543,39.65923797909136,0.0
1629,-68290.02202883158,-68289.69502323268,2.7755575615628914e-17,24.018596743060314,0.1,162.5952905448371,162.5952905448371,40.648822636209275,-8.260587980841938e-19
1630,-65810.03330573156,-65828.05030582058,0.0,25.87768114789299,0.1,156.69055548983704,156.69055548983704,39.17263887245926,0.0
1631,-65731.60170918549,-65728.16377335068,2.7755575615628914e-17,20.54841075990064,0.1,156.5038135932988,156.5038135932988,39.1259533983247,-8.260587980841938e-19
1632,-65358.95765530614,-65373.316877664656,0.0,27.68145454758595,0.1,155.61656584596702,155.61656584596702,38.904141461491754,0.0
1633,-65148.90232090219,-65141.94104269119,0.0,24.189380122600706,0.1,155.1164340973862,155.1164340973862,38.77910852434655,0.0
1634,-65735.04416534847,-65751.47465304726,0.0,29.248059942581065,0.1,156.51200991749639,156.51200991749639,39.128002479374096,0.0
1635,-65462.487974223724,-65484.4165500661,2.7755575615628914e-17,27.912856594044026,0.1,155.8630666052946,155.8630666052946,38.96576665132365,-8.260587980841938e-19
1636,-67281.26964742629,-67288.27024235927,0.0,15.459989314383462,0.1,160.1934991605388,160.1934991605388,40.0483747901347,0.0
1637,-66900.11554757624,-66911.18502000562,0.0,30.0081591260428,0.1,159.28598939899106,159.28598939899106,39.821497349747766,0.0
1638,-67162.64452541582,-67191.57907069106,0.0,28.552745511488926,0.1,159.91105839384718,159.91105839384718,39.977764598461796,0.0
1639,-64570.38401910445,-64589.67742733247,0.0,26.898198241929826,0.1,153.73900956929634,153.73900956929634,38.434752392324086,0.0
1640,-64721.56548708857,-64731.00429962096,0.0,24.3496985322319,0.1,154.09896544544898,154.09896544544898,38.524741361362246,0.0
1641,-66330.1561043214,-66361.84679957967,0.0,20.287209971040618,0.1,157.92894310552714,157.92894310552714,39.482235776381785,0.0
1642,-65140.34085860839,-65171.488646515485,0.0,23.38985922753971,0.1,155.0960496633533,155.0960496633533,38.77401241583833,0.0
1643,-65017.68643811035,-65045.9407592013,0.0,17.96592495251231,0.1,154.8040153288342,154.8040153288342,38.70100383220855,0.0
1644,-67521.15447077982,-67542.01351279147,5.551115123125783e-17,21.31614932026189,0.1,160.7646535018567,160.7646535018567,40.19116337546418,-1.6521175961683876e-18
1645,-64549.01564553891,-64549.86297361967,0.0,26.092670212054728,0.1,153.68813248937835,153.68813248937835,38.42203312234459,0.0
1646,-66599.0130809484,-66624.10779883436,0.0,20.775292807032518,0.1,158.56907876416284,158.56907876416284,39.64226969104071,0.0
1647,-67901.0939419749,-67901.10378237032,0.0,24.540776178325224,0.1,161.66927129041645,161.66927129041645,40.41731782260411,0.0
1648,-67435.33115627912,-67449.45680299135,0.0,27.741598137772492,0.1,160.56031227685506,160.56031227685506,40.140078069213764,0.0
1649,-69567.64639352856,-69592.1423392422,2.7755575615628914e-17,24.70292409363753,0.1,165.63725331792514,165.63725331792514,41.409313329481286,-8.260587980841938e-19
1650,-67360.85977948469,-67394.41481263263,0.0,26.12117372267646,0.1,160.38299947496355,160.38299947496355,40.09574986874089,0.0
1651,-68086.91301540518,-68098.44875034511,0.0,16.94216320448586,0.1,162.11169765572663,162.11169765572663,40.52792441393166,0.0
1652,-68438.79287074058,-68451.16627553741,0.0,23.31806527294432,0.1,162.94950683509663,162.94950683509663,40.73737670877416,0.0
1653,-68381.08038713504,-68405.68343509785,0.0,27.31241812033427,0.1,162.81209615984534,162.81209615984534,40.703024039961335,0.0
1654,-68583.13657821456,-68586.34288699823,0.0,25.86127193205519,0.1,163.2931823290823,163.2931823290823,40.823295582270575,0.0
1655,-67730.90144755457,-67752.61675927186,0.0,32.640156796939166,0.1,161.2640510656061,161.2640510656061,40.31601276640153,0.0
1656,-66570.50123478426,-66594.3762744584,0.0,28.80423327155739,0.1,158.501193416153,158.501193416153,39.62529835403825,0.0
1657,-67513.4175320411,-67529.01839198725,0.0,26.941560027117248,0.1,160.7462322191455,160.7462322191455,40.186558054786374,0.0
1658,-66323.02668716162,-66350.52173616868,0.0,18.33611301260175,0.1,157.91196830276576,157.91196830276576,39.47799207569144,0.0
1659,-66101.05575473509,-66112.56136146293,0.0,21.137156256218795,0.1,157.38346608270263,157.38346608270263,39.345866520675656,0.0
1660,-64249.12954030013,-64267.92107148739,0.0,31.151110878253938,0.1,152.97411795309554,152.97411795309554,38.243529488273886,0.0
1661,-66367.61198439877,-66376.64224153156,0.0,13.04847816265281,0.1,158.01812377237803,158.01812377237803,39.50453094309451,0.0
1662,-66785.09966332329,-66795.97745587304,0.0,29.567368660087034,0.1,159.01214205553165,159.01214205553165,39.753035513882914,0.0
1663,-66527.91574572104,-66548.29204475053,2.7755575615628914e-17,27.140931239052883,0.1,158.3997993945739,158.3997993945739,39.599949848643476,-8.260587980841938e-19
1664,-65922.44706779228,-65934.64713477354,0.0,18.604846318901068,0.1,156.95820730426735,156.95820730426735,39.23955182606684,0.0
1665,-66573.9551036313,-66594.10804684756,0.0,20.828590949826875,0.1,158.50941691340788,158.50941691340788,39.62735422835197,0.0
1666,-64378.91962258242,-64415.76058991622,0.0,27.85253604177258,0.1,153.2831419585296,153.2831419585296,38.3207854896324,0.0
1667,-66145.62878265273,-66154.82229962718,0.0,21.94307376305686,0.1,157.48959233964936,157.48959233964936,39.37239808491234,0.0
1668,-67346.14996957031,-67360.22052750418,0.0,23.80249038989125,0.1,160.34797611802455,160.34797611802455,40.08699402950614,0.0
1669,-65836.00484301754,-65862.17318077284,0.0,25.932080848720233,0.1,156.7523924833751,156.7523924833751,39.188098120843776,0.0
1670,-65801.1941138314,-65808.87779644232,0.0,34.45220342577891,0.1,156.66950979483667,156.66950979483667,39.16737744870917,0.0
1671,-65359.68052963977,-65375.173612954975,0.0,28.844198379844485,0.1,155.61828697533278,155.61828697533278,38.904571743833195,0.0
1672,-67503.6446767804,-67512.56241170595,0.0,26.815578138722618,0.1,160.7229635161438,160.7229635161438,40.18074087903595,0.0
1673,-67754.97122378071,-67773.08232369214,0.0,15.551753539519236,0.1,161.32136005662073,161.32136005662073,40.33034001415518,0.0
1674,-67166.16825076411,-67201.32100186871,0.0,31.453222304612737,0.1,159.91944821610502,159.91944821610502,39.979862054026256,0.0
1675,-67384.05702731901,-67395.08507415756,0.0,19.488651297720722,0.1,160.43823101742623,160.43823101742623,40.10955775435656,0.0
1676,-67212.5897842796,-67231.06540041763,0.0,25.433488497071984,0.1,160.0299756768562,160.0299756768562,40.00749391921405,0.0
1677,-67060.55546621306,-67079.11215569869,0.0,25.957886980970446,0.1,159.6679892052692,159.6679892052692,39.9169973013173,0.0
1678,-65291.81423297523,-65311.87664286829,0.0,32.23652849695903,0.1,155.45670055470293,155.45670055470293,38.86417513867573,0.0
1679,-65922.6009949879,-65943.28202703918,0.0,19.751722505450296,0.1,156.95857379759022,156.95857379759022,39.239643449397555,0.0
1680,-67250.18062933309,-67278.80625786021,0.0,33.20307281744144,0.1,160.1194776888883,160.1194776888883,40.02986942222208,0.0
1681,-68381.26371778896,-68427.78428513408,0.0,19.38252983380201,0.1,162.8125326614023,162.8125326614023,40.70313316535057,0.0
1682,-67711.44257018043,-67728.87139031194,0.0,14.589506484055065,0.1,161.2177204051915,161.2177204051915,40.304430101297875,0.0
1683,-68055.17359316729,-68075.70508473107,0.0,22.258998509166137,0.1,162.03612760277926,162.03612760277926,40.509031900694815,0.0
1684,-66368.14186268522,-66402.37632063347,0.0,21.12692514990709,0.1,158.01938538734578,158.01938538734578,39.504846346836445,0.0
1685,-68693.34004982706,-68691.4482194474,0.0,22.6436812964874,0.1,163.5555715472073,163.5555715472073,40.88889288680183,0.0
1686,-68846.89218656288,-68842.13730885071,0.0,28.75549727253655,0.1,163.92117187276875,163.92117187276875,40.98029296819219,0.0
1687,-68820.71135591048,-68815.06052544792,0.0,25.142287905915794,0.1,163.85883656169162,163.85883656169162,40.964709140422904,0.0
1688,-69082.01702579719,-69076.23890759863,0.0,23.39851097731679,0.1,164.48099291856474,164.48099291856474,41.120248229641184,0.0
1689,-66010.47647341665,-66041.9102549747,0.0,26.803239457178975,0.1,157.1678011271825,157.1678011271825,39.29195028179563,0.0
1690,-67896.0166904147,-67902.38175436505,0.0,24.84398255530458,0.1,161.65718259622548,161.65718259622548,40.41429564905637,0.0
1691,-66568.0966243318,-66583.27679305224,0.0,27.36315172921703,0.1,158.49546815317095,158.49546815317095,39.62386703829274,0.0
1692,-64074.28405366506,-64075.61547003225,0.0,27.962836369236655,0.1,152.55781917539304,152.55781917539304,38.13945479384826,0.0
1693,-66680.66879791868,-66668.62488160265,2.7755575615628914e-17,21.850577238180946,0.1,158.76349713790165,158.76349713790165,39.69087428447541,-8.260587980841938e-19
1694,-67715.36738322802,-67725.48464480351,0.0,28.166634130356194,0.1,161.22706519816197,161.22706519816197,40.30676629954049,0.0
1695,-66786.7707246767,-66801.99703320346,0.0,17.972184730718567,0.1,159.01612077303975,159.01612077303975,39.754030193259936,0.0
1696,-68719.8094823988,-68724.95955114064,0.0,25.993400047737033,0.1,163.61859400571146,163.61859400571146,40.904648501427864,0.0
1697,-66627.19806459993,-66641.40739118129,0.0,22.104379451821266,0.1,158.63618586809508,158.63618586809508,39.65904646702377,0.0
1698,-66017.51539912229,-66027.70706122716,0.0,28.480839985796443,0.1,157.1845604741007,157.1845604741007,39.29614011852517,0.0
1699,-66418.61522521463,-66428.43829948593,0.0,24.559543779854632,0.1,158.13956006003485,158.13956006003485,39.53489001500871,0.0
1700,-67845.74481706606,-67882.44418294687,0.0,17.881586815580384,0.1,161.53748765968112,161.53748765968112,40.38437191492028,0.0
1701,-66714.2727961546,-66710.75436883885,0.0,28.917948323993034,0.1,158.84350665751097,158.84350665751097,39.71087666437774,0.0
1702,-67797.75506107337,-67805.96863046044,0.0,23.4088123612869,0.1,161.42322633588898,161.42322633588898,40.355806583972246,0.0
1703,-67886.51618778562,-67893.7046240043,0.0,23.700999296162436,0.1,161.63456235187053,161.63456235187053,40.40864058796763,0.0
1704,-68385.93636583988,-68416.92174696084,0.0,29.010642293090598,0.1,162.82365801390446,162.82365801390446,40.705914503476116,0.0
1705,-67450.72577509572,-67474.34801021458,0.0,17.918864721036773,0.1,160.5969661311803,160.5969661311803,40.149241532795074,0.0
1706,-67052.44002226986,-67055.92848490433,0.0,10.804606702572865,0.1,159.64866671969017,159.64866671969017,39.91216667992254,0.0
1707,-66894.23364935684,-66901.13984114601,0.0,29.783515931928292,0.1,159.27198487942107,159.27198487942107,39.81799621985527,0.0
1708,-65851.64079863673,-65871.8102637942,0.0,23.892433685239382,0.1,156.78962094913507,156.78962094913507,39.19740523728377,0.0
1709,-64656.30530072653,-64671.082297889356,0.0,21.55557228712297,0.1,153.94358404934889,153.94358404934889,38.48589601233722,0.0
1710,-66397.19192845747,-66414.23951728149,0.0,28.829391397403075,0.1,158.08855221061302,158.08855221061302,39.522138052653254,0.0
1711,-65592.31136098402,-65591.15249310991,2.7755575615628914e-17,26.49823843918674,0.1,156.1721699071048,156.1721699071048,39.0430424767762,-8.260587980841938e-19
1712,-65300.19704858815,-65324.52139729769,0.0,22.924498555183153,0.1,155.4766596394956,155.4766596394956,38.8691649098739,0.0
1713,-65409.57046545095,-65431.577471572156,0.0,39.07327222236276,0.1,155.737072536788,155.737072536788,38.934268134197,0.0
1714,-65058.56393754141,-65072.52050961154,0.0,26.966535250026617,0.1,154.90134270843194,154.90134270843194,38.725335677107985,0.0
1715,-66342.38195335469,-66350.00138251808,0.0,25.90625581301025,0.1,157.95805226989214,157.95805226989214,39.489513067473034,0.0
1716,-65817.0464337681,-65836.64915001793,0.0,25.97421170135069,0.1,156.70725341373358,156.70725341373358,39.176813353433396,0.0
1717,-65691.93640683935,-65696.73945364227,0.0,26.031808856627254,0.1,156.40937239723655,156.40937239723655,39.10234309930914,0.0
1718,-65167.78025113063,-65197.40221051781,0.0,27.243178822572638,0.1,155.16138155031103,155.16138155031103,38.79034538757776,0.0
1719,-64559.50467326505,-64584.12454515577,0.0,23.814940149936863,0.1,153.7131063649168,153.7131063649168,38.4282765912292,0.0
1720,-66525.39257271438,-66547.89157510862,0.0,26.396339191082628,0.1,158.39379183979614,158.39379183979614,39.598447959949034,0.0
1721,-63162.24448495601,-63167.73537765914,0.0,26.592605023994373,0.1,150.38629639275243,150.38629639275243,37.59657409818811,0.0
1722,-66062.43869657762,-66067.52172994321,0.0,21.83559862557604,0.1,157.29152070613722,157.29152070613722,39.322880176534305,0.0
1723,-66125.80620054856,-66142.69948362147,2.7755575615628914e-17,26.48622136690062,0.1,157.4423957155918,157.4423957155918,39.36059892889795,-8.260587980841938e-19
1724,-65634.07046357263,-65637.17813892185,0.0,30.26992885591438,0.1,156.2715963418396,156.2715963418396,39.0678990854599,0.0
1725,-64011.04628589641,-64031.76634867941,0.0,21.47635782194558,0.1,152.4072530616581,152.4072530616581,38.10181326541453,0.0
1726,-63021.49603559282,-63021.12018762833,0.0,24.275477104592845,0.1,150.0511810371258,150.0511810371258,37.51279525928145,0.0
1727,-64001.74805413196,-64012.28861699335,2.7755575615628914e-17,25.565702285265115,0.1,152.3851144145999,152.3851144145999,38.09627860364998,-8.260587980841938e-19
1728,-65071.59411422295,-65082.96294761139,0.0,14.962715696274952,0.1,154.93236693862607,154.93236693862607,38.73309173465652,0.0
1729,-64478.13761759343,-64489.25414821041,0.0,23.471904444658435,0.1,153.51937527998436,153.51937527998436,38.37984381999609,0.0
1730,-66739.50802702998,-66760.84463727773,2.7755575615628914e-17,21.50900162694475,0.1,158.90359054054758,158.90359054054758,39.725897635136896,-8.260587980841938e-19
1731,-67640.95542236064,-67672.74216909436,2.7755575615628914e-17,15.441797246741215,0.1,161.04989386276344,161.04989386276344,40.26247346569086,-8.260587980841938e-19
1732,-66757.71349201328,-66785.8251669913,0.0,23.878405145609477,0.1,158.9469368857459,158.9469368857459,39.73673422143648,0.0
1733,-66349.56253944791,-66373.15838817134,0.0,25.399007420293664,0.1,157.9751489034474,157.9751489034474,39.49378722586185,0.0
1734,-66021.11358281535,-66047.5091381756,0.0,23.063190177235946,0.1,157.1931275781318,157.1931275781318,39.29828189453295,0.0
1735,-63869.388917215496,-63873.40271296372,0.0,32.10252143635532,0.1,152.06997361241787,152.06997361241787,38.01749340310447,0.0
1736,-66496.91819602471,-66510.78338956588,0.0,26.107792368121054,0.1,158.32599570482074,158.32599570482074,39.581498926205185,0.0
1737,-68462.72311877536,-68490.07063791581,0.0,19.840223789527826,0.1,163.00648361613182,163.00648361613182,40.751620904032954,0.0
1738,-64953.55552846912,-64974.51043744551,0.0,22.050526217685544,0.1,154.65132268683124,154.65132268683124,38.66283067170781,0.0
1739,-66615.33924597931,-66629.01755242287,0.0,25.361394826921444,0.1,158.60795058566504,158.60795058566504,39.65198764641626,0.0
1740,-65227.84174268939,-65227.839524074916,0.0,21.105814785897827,0.1,155.3043851016414,155.3043851016414,38.82609627541035,0.0
1741,-64902.43838657122,-64930.94911549535,0.0,29.43095594292398,0.1,154.52961520612197,154.52961520612197,38.632403801530494,0.0
1742,-64658.912949532074,-64673.2865537588,0.0,26.215617292564467,0.1,153.94979273698112,153.94979273698112,38.48744818424528,0.0
1743,-65060.83355288434,-65072.89112782797,0.0,31.78291692913991,0.1,154.90674655448652,154.90674655448652,38.72668663862163,0.0
1744,-64171.011697297596,-64184.00817151966,2.7755575615628914e-17,26.15921046067424,0.1,152.78812308880381,152.78812308880381,38.197030772200954,-8.260587980841938e-19
1745,-66575.81301186811,-66602.27331330953,0.0,21.113142575770468,0.1,158.5138405044479,158.5138405044479,39.628460126111975,0.0
1746,-64480.1171135653,-64510.705005410266,0.0,17.347692951283115,0.1,153.52408836563168,153.52408836563168,38.38102209140792,0.0
1747,-65273.24138330586,-65304.537804616986,0.0,23.136622080240127,0.1,155.41247948406158,155.41247948406158,38.853119871015394,0.0
1748,-65716.2883678243,-65728.86138034605,0.0,15.549949144085286,0.1,156.46735325672452,156.46735325672452,39.11683831418113,0.0
1749,-66690.80171646462,-66701.25376929084,0.0,19.80096734486558,0.1,158.78762313443957,158.78762313443957,39.69690578360989,0.0
1750,-65847.63477533526,-65856.55831188153,0.0,24.3134451710556,0.1,156.78008279841728,156.78008279841728,39.19502069960432,0.0
1751,-67235.71276616272,-67260.29068230744,0.0,26.038016757003128,0.1,160.08503039562552,160.08503039562552,40.02125759890638,0.0
1752,-67767.38608529605,-67785.46285183006,0.0,19.522403055772187,0.1,161.3509192507049,161.3509192507049,40.33772981267622,0.0
1753,-69269.29114600108,-69275.48360510505,0.0,33.993625091756556,0.1,164.92688368095497,164.92688368095497,41.23172092023874,0.0
1754,-67617.37815136972,-67625.02614102208,0.0,33.28104126028648,0.1,160.99375750326124,160.99375750326124,40.24843937581531,0.0
1755,-64694.68100978141,-64707.2503977926,2.7755575615628914e-17,25.01143968071752,0.1,154.03495478519386,154.03495478519386,38.508738696298465,-8.260587980841938e-19
1756,-64013.351352083715,-64039.055003686015,0.0,31.359462109693283,0.1,152.41274131448503,152.41274131448503,38.10318532862126,0.0
1757,-65442.93100517573,-65456.82287957294,0.0,23.058784732392304,0.1,155.81650239327556,155.81650239327556,38.95412559831889,0.0
1758,-65864.40325990423,-65878.844055419,0.0,26.689787641160592,0.1,156.82000776167675,156.82000776167675,39.20500194041919,0.0
1759,-65145.51084662902,-65169.423883497715,0.0,25.02114929497076,0.1,155.10835915864052,155.10835915864052,38.77708978966013,0.0
1760,-66095.53007547013,-66116.71893845036,0.0,33.1917986613547,0.1,157.3703097035003,157.3703097035003,39.34257742587508,0.0
1761,-65023.06753958683,-65041.88063570948,0.0,26.55826428002389,0.1,154.81682747520676,154.81682747520676,38.70420686880169,0.0
1762,-66886.05873298219,-66885.86962473129,0.0,11.846349315854683,0.1,159.25252079281475,159.25252079281475,39.81313019820369,0.0
1763,-65915.50546265994,-65934.38921995225,0.0,24.52587884359564,0.1,156.94167967299987,156.94167967299987,39.23541991824997,0.0
1764,-63832.95725414575,-63842.809427396605,0.0,26.217651020931722,0.1,151.9832315574899,151.9832315574899,37.99580788937247,0.0
1765,-64962.21465662073,-64976.61061932876,0.0,30.638901253169493,0.1,154.6719396586208,154.6719396586208,38.6679849146552,0.0
1766,-62731.71094779848,-62747.57205648107,0.0,21.265383574649164,0.1,149.36121654237735,149.36121654237735,37.34030413559434,0.0
1767,-64485.86027267535,-64510.76193506495,0.0,23.91434462526899,0.1,153.53776255398893,153.53776255398893,38.38444063849723,0.0
1768,-65783.65101815676,-65803.91638499348,0.0,22.612946469035997,0.1,156.62774051942085,156.62774051942085,39.15693512985521,0.0
1769,-65736.08687298051,-65744.58860412553,0.0,25.42084115092848,0.1,156.5144925547155,156.5144925547155,39.128623138678876,0.0
1770,-67310.39009526407,-67325.51838169951,0.0,27.399135176834164,0.1,160.26283356015256,160.26283356015256,40.06570839003814,0.0
1771,-66443.18626182867,-66455.49980429557,0.0,15.818201081148013,0.1,158.1980625281635,158.1980625281635,39.54951563204087,0.0
1772,-66020.56550501556,-66031.23776617968,0.0,28.96909233571908,0.1,157.19182263098944,157.19182263098944,39.29795565774736,0.0
1773,-66135.21592614969,-66147.24216535725,2.7755575615628914e-17,23.76808298742726,0.1,157.4647998241659,157.4647998241659,39.36619995604148,-8.260587980841938e-19
1774,-67406.48297837262,-67431.34674343167,2.7755575615628914e-17,21.440133863705388,0.1,160.49162613898244,160.49162613898244,40.12290653474561,-8.260587980841938e-19
1775,-64746.2243262529,-64745.796294070475,0.0,24.196844402372527,0.1,154.15767696726883,154.15767696726883,38.53941924181721,0.0
1776,-65018.57227413979,-65028.730534627306,5.551115123125783e-17,20.16876840123373,0.1,154.80612446223762,154.80612446223762,38.701531115559405,-1.6521175961683876e-18
1777,-64587.38642562289,-64600.6326410639,0.0,27.45752823623392,0.1,153.77949148957833,153.77949148957833,38.44487287239458,0.0
1778,-64991.86334243659,-65006.770456820916,2.7755575615628914e-17,26.53490536343119,0.1,154.74253176770617,154.74253176770617,38.68563294192654,-8.260587980841938e-19
1779,-65314.46737396172,-65347.60145094687,0.0,23.28560569221218,0.1,155.51063660467076,155.51063660467076,38.87765915116769,0.0
1780,-66041.43349640293,-66059.21698274938,0.0,22.453933187004328,0.1,157.2415083247689,157.2415083247689,39.31037708119222,0.0
1781,-68209.69625381117,-68216.2326566123,0.0,22.07546173291115,0.1,162.4040386995504,162.4040386995504,40.6010096748876,0.0
1782,-67911.37597445867,-67921.58838874346,0.0,26.797378987735627,0.1,161.6937523201397,161.6937523201397,40.42343808003493,0.0
1783,-66977.41235515037,-67015.90311301738,0.0,21.4197828186208,0.1,159.4700294170247,159.4700294170247,39.867507354256176,0.0
1784,-70756.94332011094,-70767.77706705478,2.7755575615628914e-17,24.68438493444376,0.1,168.4689126669308,168.4689126669308,42.1172281667327,-8.260587980841938e-19
1785,-66830.26029244739,-66849.21828093448,0.0,26.317754059773925,0.1,159.11966736296998,159.11966736296998,39.779916840742494,0.0
1786,-67373.46614057226,-67401.30709851174,2.7755575615628914e-17,12.86803964732396,0.1,160.41301462041014,160.41301462041014,40.103253655102534,-8.260587980841938e-19
1787,-66612.24731591565,-66603.37801721369,2.7755575615628914e-17,22.520609139949254,0.1,158.60058884741824,158.60058884741824,39.65014721185456,-8.260587980841938e-19
1788,-67552.00825738056,-67577.98125925599,0.0,17.17175984197202,0.1,160.83811489852513,160.83811489852513,40.209528724631284,0.0
1789,-69632.35694722373,-69617.2806238268,0.0,27.855897031096042,0.1,165.7913260648184,165.7913260648184,41.4478315162046,0.0
1790,-68475.34337932154,-68492.77995155856,0.0,19.548957966002853,0.1,163.03653185552747,163.03653185552747,40.75913296388187,0.0
1791,-68723.72334051674,-68728.86794450953,2.7755575615628914e-17,20.15128140182663,0.1,163.62791271551603,163.62791271551603,40.90697817887901,-8.260587980841938e-19
1792,-68949.96473626468,-68966.07008943942,2.7755575615628914e-17,21.868423619084965,0.1,164.1665827053921,164.1665827053921,41.041645676348026,-8.260587980841938e-19
1793,-67952.64858965173,-67972.58922884148,5.551115123125783e-17,10.726866685478045,0.1,161.79202045155174,161.79202045155174,40.448005112887934,-1.6521175961683876e-18
1794,-68595.06905579098,-68601.50053713971,0.0,19.36973019544475,0.1,163.32159298997854,163.32159298997854,40.830398247494635,0.0
1795,-68154.11900990781,-68166.55560312408,0.0,22.309761207549307,0.1,162.27171192835192,162.27171192835192,40.56792798208798,0.0
1796,-68708.67851448985,-68731.6569522888,0.0,15.703316141699712,0.1,163.5920917011663,163.5920917011663,40.89802292529158,0.0
1797,-65906.43156486808,-65921.88647963139,0.0,27.791682116058528,0.1,156.9200751544478,156.9200751544478,39.23001878861195,0.0
1798,-67523.69873404906,-67557.26520841468,5.551115123125783e-17,22.591170144532626,0.1,160.7707112715454,160.7707112715454,40.19267781788635,-1.6521175961683876e-18
1799,-65355.3758032676,-65373.62038931112,0.0,15.980686037188175,0.1,155.6080376268276,155.6080376268276,38.9020094067069,0.0
1800,-64896.75762275178,-64887.83806070865,2.7755575615628914e-17,29.2238718789085,0.1,154.51608957798044,154.51608957798044,38.62902239449511,-8.260587980841938e-19
1801,-65835.76437564948,-65850.708772713,0.0,30.892563448992114,0.1,156.7518199420226,156.7518199420226,39.18795498550565,0.0
1802,-67701.67027445747,-67702.93624556778,0.0,27.599510697643762,0.1,161.19445303442257,161.19445303442257,40.29861325860564,0.0
1803,-69235.45815926834,-69269.14633767378,0.0,27.09852804178633,0.1,164.8463289506389,164.8463289506389,41.21158223765973,0.0
1804,-67965.79953108984,-67983.56534614576,0.0,25.04278040412175,0.1,161.82333221688057,161.82333221688057,40.45583305422014,0.0
1805,-67290.25489065029,-67289.54607607903,0.0,31.77786467855174,0.1,160.21489259678643,160.21489259678643,40.05372314919661,0.0
1806,-68082.04042097887,-68090.93184458082,2.7755575615628914e-17,27.522416281915085,0.1,162.1000962404259,162.1000962404259,40.525024060106475,-8.260587980841938e-19
1807,-68041.54158426086,-68040.91124119515,0.0,19.1027016774611,0.1,162.00367043871634,162.00367043871634,40.500917609679085,0.0
1808,-65864.76200620062,-65894.11288019284,0.0,23.263488555210785,0.1,156.82086191952527,156.82086191952527,39.20521547988132,0.0
1809,-67543.90894200707,-67573.44169676749,0.0,24.60884670470741,0.1,160.81883081430254,160.81883081430254,40.204707703575636,0.0
1810,-65918.97100192485,-65915.55202419526,0.0,29.460337998658602,0.1,156.94993095696393,156.94993095696393,39.23748273924098,0.0
1811,-66829.48889190055,-66838.58996872298,0.0,28.493444067585216,0.1,159.1178306950013,159.1178306950013,39.77945767375032,0.0
1812,-66511.42322742152,-66526.67533609692,0.0,17.284408860285648,0.1,158.36053149386075,158.36053149386075,39.59013287346519,0.0
1813,-66998.42949142223,-67015.07243907593,0.0,35.981115710763994,0.1,159.520070217672,159.520070217672,39.880017554418,0.0
1814,-64758.625533875726,-64778.55539846087,0.0,24.712411234972684,0.1,154.18720365208506,154.18720365208506,38.546800913021265,0.0
1815,-67124.95366292117,-67150.70709694074,0.0,26.053342326015553,0.1,159.8213182450504,159.8213182450504,39.9553295612626,0.0
1816,-66337.64883547917,-66354.74417778179,0.0,19.541874139204488,0.1,157.94678294161707,157.94678294161707,39.48669573540427,0.0
1817,-65536.10898013224,-65553.44746039013,0.0,30.177217082084724,0.1,156.03835471460056,156.03835471460056,39.00958867865014,0.0
1818,-65703.09027136776,-65709.72964984676,0.0,32.122479106234735,0.1,156.4359292175423,156.4359292175423,39.10898230438558,0.0
1819,-64676.40918842279,-64690.49212818134,0.0,20.561152442307296,0.1,153.9914504486257,153.9914504486257,38.497862612156425,0.0
1820,-67669.02591229868,-67694.00223306788,5.551115123125783e-17,23.566028821308652,0.1,161.1167283626159,161.1167283626159,40.279182090653975,-1.6521175961683876e-18
1821,-66053.56575065955,-66076.1608995344,0.0,23.541206838707314,0.1,157.27039464442748,157.27039464442748,39.31759866110687,0.0
1822,-65812.88877474998,-65827.29051331469,0.0,27.46780102167146,0.1,156.6973542255952,156.6973542255952,39.1743385563988,0.0
1823,-64562.11824087058,-64580.02721144648,0.0,15.022341097741307,0.1,153.71932914492996,153.71932914492996,38.42983228623249,0.0
1824,-64881.18018190428,-64884.96774450334,0.0,29.64704992395408,0.1,154.47900043310543,154.47900043310543,38.61975010827636,0.0
1825,-65842.63464296122,-65856.3132770722,0.0,22.381343486142892,0.1,156.76817772133623,156.76817772133623,39.19204443033406,0.0
1826,-65339.122633055325,-65340.53689290275,0.0,19.60131839362076,0.1,155.56933960251268,155.56933960251268,38.89233490062817,0.0
1827,-64948.3876250786,-64943.16963867898,0.0,24.493596406492337,0.1,154.63901815494904,154.63901815494904,38.65975453873726,0.0
1828,-63972.11996964249,-63981.135593836676,0.0,20.167060545073426,0.1,152.31457135629165,152.31457135629165,38.07864283907291,0.0
1829,-65279.031379512046,-65293.35014526037,5.551115123125783e-17,26.81985315426369,0.1,155.42626518931442,155.42626518931442,38.856566297328605,-1.6521175961683876e-18
1830,-64994.96214070144,-65030.89412002354,0.0,17.440582902183934,0.1,154.74990985881297,154.74990985881297,38.68747746470324,0.0
1831,-66069.54054068723,-66096.13435112023,0.0,29.86550780507536,0.1,157.3084298587791,157.3084298587791,39.32710746469478,0.0
1832,-64825.52822760187,-64832.7373002081,0.0,26.016179772930155,0.1,154.34649578000446,154.34649578000446,38.586623945001115,0.0
1833,-64621.61278281207,-64632.036450318694,0.0,25.928442902093696,0.1,153.86098281621923,153.86098281621923,38.46524570405481,0.0
1834,-66681.01200887171,-66711.10331900575,0.0,28.028031163156566,0.1,158.7643143068374,158.7643143068374,39.69107857670935,0.0
1835,-67029.93573969846,-67050.0218234308,2.7755575615628914e-17,22.848453400226788,0.1,159.59508509452013,159.59508509452013,39.89877127363003,-8.260587980841938e-19
1836,-65013.64672243385,-65013.80615578461,0.0,23.95765894729796,0.1,154.79439695817584,154.79439695817584,38.69859923954396,0.0
1837,-66855.13843996539,-66882.20452151402,2.7755575615628914e-17,17.36416071705176,0.1,159.17890104753664,159.17890104753664,39.79472526188416,-8.260587980841938e-19
1838,-67127.15175964325,-67131.60086596149,0.0,25.63133868117034,0.1,159.82655180867442,159.82655180867442,39.956637952168606,0.0
1839,-67005.48579477763,-67010.63924692916,0.0,21.03738276442394,0.1,159.53687093994674,159.53687093994674,39.884217734986684,0.0
1840,-67419.6629845849,-67430.42699876761,0.0,18.171912979049253,0.1,160.52300710615452,160.52300710615452,40.13075177653863,0.0
1841,-66775.98682091116,-66781.245602449,0.0,28.517139583936544,0.1,158.99044481169327,158.99044481169327,39.747611202923316,0.0
1842,-67057.4587857973,-67059.38508797498,0.0,17.010639327525812,0.1,159.66061615666024,159.66061615666024,39.91515403916506,0.0
1843,-67835.26606329565,-67843.96581350031,2.7755575615628914e-17,28.65977751254923,0.1,161.51253824594204,161.51253824594204,40.37813456148551,-8.260587980841938e-19
1844,-66649.82975283341,-66662.86053475343,2.7755575615628914e-17,22.677094609421907,0.1,158.69007084007956,158.69007084007956,39.67251771001989,-8.260587980841938e-19
1845,-64168.8618744298,-64184.305462404955,0.0,16.27146283570174,0.1,152.7830044629281,152.7830044629281,38.19575111573202,0.0
1846,-65109.06772319123,-65129.014779728976,0.0,26.91717515701822,0.1,155.02158981712196,155.02158981712196,38.75539745428049,0.0
1847,-66806.48538934333,-66817.39230460237,0.0,30.029622558982084,0.1,159.06306045081746,159.06306045081746,39.765765112704365,0.0
1848,-66314.51512829926,-66318.24016730973,0.0,30.639544966267845,0.1,157.8917026864268,157.8917026864268,39.4729256716067,0.0
1849,-65106.232364988886,-65122.77730164484,5.551115123125783e-17,23.317237050609133,0.1,155.01483896425927,155.01483896425927,38.75370974106482,-1.6521175961683876e-18
1850,-65230.48899251349,-65245.29025615981,2.7755575615628914e-17,24.46367617094529,0.1,155.3106880774131,155.3106880774131,38.82767201935327,-8.260587980841938e-19
1851,-64235.33772076087,-64262.54054972505,2.7755575615628914e-17,19.61660436264493,0.1,152.9412802875259,152.9412802875259,38.235320071881475,-8.260587980841938e-19
1852,-65316.114902790534,-65323.489710399066,5.551115123125783e-17,30.1815144603624,0.1,155.51455929235843,155.51455929235843,38.87863982308961,-1.6521175961683876e-18
1853,-64731.931676668464,-64740.976327316625,0.0,29.50266538665796,0.1,154.12364684921062,154.12364684921062,38.530911712302654,0.0
1854,-65435.95942932175,-65467.95378915184,0.0,22.99102486529183,0.1,155.79990340314703,155.79990340314703,38.94997585078676,0.0
1855,-65274.145484350345,-65295.9591076161,2.7755575615628914e-17,19.23153859330071,0.1,155.41463210559607,155.41463210559607,38.85365802639902,-8.260587980841938e-19
1856,-67210.55739923395,-67233.10473221463,0.0,25.997119929933834,0.1,160.02513666484273,160.02513666484273,40.00628416621068,0.0
1857,-64330.093707829576,-64349.82409065118,0.0,21.772139639823024,0.1,153.16688978054663,153.16688978054663,38.29172244513666,0.0
1858,-63279.316572610864,-63277.705738455195,0.0,27.516260323747524,0.1,150.6650394585973,150.6650394585973,37.66625986464933,0.0
1859,-63745.30181193359,-63739.667780408796,2.7755575615628914e-17,23.413247538787324,0.1,151.7745281236514,151.7745281236514,37.94363203091285,-8.260587980841938e-19
1860,-64288.32651691213,-64312.73833557633,0.0,25.95948867936518,0.1,153.06744408788603,153.06744408788603,38.26686102197151,0.0
1861,-63604.33257152331,-63638.81599797121,0.0,30.125545762908867,0.1,151.4388870750555,151.4388870750555,37.859721768763876,0.0
1862,-65926.6991135141,-65935.16012963085,0.0,25.136566899257193,0.1,156.96833122265264,156.96833122265264,39.24208280566316,0.0
1863,-65899.01257211485,-65913.5388650894,0.0,17.089116183269365,0.1,156.90241088598773,156.90241088598773,39.225602721496934,0.0
1864,-64067.326692337694,-64072.92270317285,0.0,22.1961954651007,0.1,152.54125402937547,152.54125402937547,38.13531350734387,0.0
1865,-66605.07443958904,-66599.71223456047,0.0,25.237467341258213,0.1,158.5835105704501,158.5835105704501,39.645877642612525,0.0
1866,-64693.776857187055,-64706.28613874052,0.0,16.63553049344213,0.1,154.03280204092158,154.03280204092158,38.508200510230395,0.0
1867,-63439.47365313874,-63458.51578179151,0.0,28.579363723454797,0.1,151.04636584080652,151.04636584080652,37.76159146020163,0.0
1868,-63592.34129823813,-63609.61164302678,0.0,23.37965912395515,0.1,151.4103364243765,151.4103364243765,37.85258410609413,0.0
1869,-65243.63421206235,-65264.54863357987,0.0,28.401101802383454,0.1,155.3419862191961,155.3419862191961,38.83549655479902,0.0
1870,-65072.70173915855,-65090.77577485574,2.7755575615628914e-17,20.876938747826195,0.1,154.9350041408537,154.9350041408537,38.73375103521342,-8.260587980841938e-19
1871,-66781.58903799343,-66799.35504564854,0.0,30.977403254127395,0.1,159.0037834237939,159.0037834237939,39.75094585594847,0.0
1872,-64564.128443765854,-64573.162153179735,0.0,35.489696695662154,0.1,153.72411534229965,153.72411534229965,38.431028835574914,0.0
1873,-64949.33335336403,-64959.077044024176,0.0,25.162035066700682,0.1,154.641269888962,154.641269888962,38.6603174722405,0.0
1874,-65050.4210613307,-65058.69620537064,0.0,26.116354179601306,0.1,154.88195490793026,154.88195490793026,38.720488726982566,0.0
1875,-65311.56048045953,-65309.138263533176,0.0,22.269791005916396,0.1,155.50371542966553,155.50371542966553,38.87592885741638,0.0
1876,-66759.83635315023,-66763.91514114675,0.0,25.676691739461454,0.1,158.95199131702435,158.95199131702435,39.73799782925609,0.0
1877,-65554.09919351246,-65579.04366726756,2.7755575615628914e-17,28.230030935572756,0.1,156.08118855598207,156.08118855598207,39.02029713899552,-8.260587980841938e-19
1878,-65526.01322685712,-65517.29663324853,0.0,35.2103482646394,0.1,156.01431720680267,156.01431720680267,39.00357930170067,0.0
1879,-64954.24292568454,-64972.19572509075,0.0,21.117504297535,0.1,154.65295934686796,154.65295934686796,38.66323983671699,0.0
1880,-64718.24817844007,-64734.81945762998,2.7755575615628914e-17,25.880949112513463,0.1,154.091067091524,154.091067091524,38.522766772881,-8.260587980841938e-19
1881,-63981.54627344559,-63989.87778627607,0.0,25.98958333671038,0.1,152.33701493677523,152.33701493677523,38.08425373419381,0.0
1882,-64779.59751904102,-64788.52279616481,2.7755575615628914e-17,22.978190036549886,0.1,154.23713695009766,154.23713695009766,38.559284237524416,-8.260587980841938e-19
1883,-63849.93705153268,-63858.07426017513,0.0,17.836643551301737,0.1,152.0236596465064,152.0236596465064,38.0059149116266,0.0
1884,-66216.10842082594,-66232.56678552809,0.0,27.92649718258169,0.1,157.65740100196655,157.65740100196655,39.41435025049164,0.0
1885,-65373.516972858444,-65393.665808819205,0.0,29.09962626317617,0.1,155.65123088775823,155.65123088775823,38.91280772193956,0.0
1886,-65437.98590771317,-65456.229309813316,0.0,22.33637250891548,0.1,155.80472835169803,155.80472835169803,38.95118208792451,0.0
1887,-65707.47656968814,-65730.87320833244,0.0,18.212412300790326,0.1,156.44637278497177,156.44637278497177,39.11159319624294,0.0
1888,-64410.30304890018,-64416.29633507506,0.0,20.178999642883777,0.1,153.3578644021433,153.3578644021433,38.33946610053582,0.0
1889,-64541.73500430195,-64567.53556489334,0.0,29.71394257070038,0.1,153.67079762929038,153.67079762929038,38.417699407322594,0.0
1890,-67507.75762691998,-67527.63067929042,2.7755575615628914e-17,30.359649326058985,0.1,160.7327562545714,160.7327562545714,40.18318906364285,-8.260587980841938e-19
1891,-65522.5486806858,-65528.75585286169,0.0,26.742975599304902,0.1,156.00606828734715,156.00606828734715,39.00151707183679,0.0
1892,-65481.8677496974,-65495.61600541357,5.551115123125783e-17,29.23441051942457,0.1,155.90920892785095,155.90920892785095,38.97730223196274,-1.6521175961683876e-18
1893,-65654.5918609988,-65668.43961867328,0.0,23.075285557949595,0.1,156.32045681190192,156.32045681190192,39.08011420297548,0.0
1894,-65949.15040676309,-65969.5594919487,0.0,29.380845835956166,0.1,157.02178668276926,157.02178668276926,39.255446670692315,0.0
1895,-66030.49328210302,-66038.80983015455,2.7755575615628914e-17,24.69462164323812,0.1,157.2154601954834,157.2154601954834,39.30386504887085,-8.260587980841938e-19
1896,-65512.92994577436,-65517.34553943795,0.0,12.509694912535302,0.1,155.98316653755802,155.98316653755802,38.995791634389505,0.0
1897,-63584.897350297855,-63601.90194661199,0.0,28.04452678127316,0.1,151.39261273880442,151.39261273880442,37.848153184701104,0.0
1898,-64785.64453010591,-64803.26519819677,2.7755575615628914e-17,15.252191411228164,0.1,154.25153459549026,154.25153459549026,38.562883648872564,-8.260587980841938e-19
1899,-65766.9125245889,-65778.40403028813,0.0,13.908261199744594,0.1,156.58788696330691,156.58788696330691,39.14697174082673,0.0
1900,-63253.20690826299,-63281.90391933953,0.0,19.569727089409568,0.1,150.60287359110237,150.60287359110237,37.65071839777559,0.0
1901,-66301.23649203962,-66328.79052813422,0.0,29.72934821842073,0.1,157.86008688580864,157.86008688580864,39.46502172145216,0.0
1902,-63803.01316578014,-63809.00726225478,0.0,19.336075243661277,0.1,151.91193610900032,151.91193610900032,37.97798402725008,0.0
1903,-66462.37806993815,-66480.881772102,0.0,20.778379814084644,0.1,158.24375730937655,158.24375730937655,39.56093932734414,0.0
1904,-66118.21689363461,-66134.2417400562,0.0,22.58586204596541,0.1,157.4243259372253,157.4243259372253,39.35608148430632,0.0
1905,-65787.06573062182,-65784.25414647716,0.0,13.847659904377705,0.1,156.63587078719482,156.63587078719482,39.158967696798705,0.0
1906,-67466.16284372476,-67483.4296862097,0.0,22.192211268346874,0.1,160.63372105648753,160.63372105648753,40.15843026412188,0.0
1907,-68618.47379051552,-68627.94289234639,0.0,28.479319195468925,0.1,163.3773185488465,163.3773185488465,40.84432963721162,0.0
1908,-68047.8898274047,-68074.62425017102,0.0,23.637276393190955,0.1,162.01878530334452,162.01878530334452,40.50469632583613,0.0
1909,-65537.57593280246,-65549.16994573336,0.0,27.500715165569417,0.1,156.04184745905349,156.04184745905349,39.01046186476337,0.0
1910,-66946.99627312906,-66948.42691743207,0.0,26.115765273738486,0.1,159.3976101741168,159.3976101741168,39.8494025435292,0.0
1911,-65399.51727369721,-65420.03613341543,0.0,28.401151042088145,0.1,155.71313636594573,155.71313636594573,38.92828409148643,0.0
1912,-65675.93118867867,-65671.56366165365,0.0,21.193223650955296,0.1,156.37126473494922,156.37126473494922,39.092816183737305,0.0
1913,-66720.0509770557,-66726.26834452746,0.0,25.499434772046065,0.1,158.857264231085,158.857264231085,39.71431605777125,0.0
1914,-66801.4805701199,-66821.28801591757,0.0,32.483552037229906,0.1,159.05114421457117,159.05114421457117,39.76278605364279,0.0
1915,-67037.73203893668,-67047.782384133,2.7755575615628914e-17,22.512137508453932,0.1,159.613647711754,159.613647711754,39.9034119279385,-8.260587980841938e-19
1916,-67353.39665678647,-67379.89337697526,0.0,26.482884692651524,0.1,160.36523013520588,160.36523013520588,40.09130753380147,0.0
1917,-68152.76018321258,-68180.43669832445,0.0,26.44364001504918,0.1,162.26847662669664,162.26847662669664,40.56711915667416,0.0
1918,-68251.9762760129,-68255.40510982576,0.0,18.334358226110968,0.1,162.50470541907833,162.50470541907833,40.626176354769584,0.0
1919,-66805.08766032179,-66804.5725378312,2.7755575615628914e-17,28.310259173792367,0.1,159.0597325245757,159.0597325245757,39.76493313114393,-8.260587980841938e-19
1920,-67784.34992892599,-67811.23589715686,2.7755575615628914e-17,34.2468107069319,0.1,161.3913093545857,161.3913093545857,40.347827338646425,-8.260587980841938e-19
1921,-67710.48778598472,-67733.91883930795,2.7755575615628914e-17,30.814192887674928,0.1,161.21544710948743,161.21544710948743,40.30386177737186,-8.260587980841938e-19
1922,-64365.59901966101,-64374.79885633447,0.0,19.21792091628072,0.1,153.25142623728811,153.25142623728811,38.31285655932203,0.0
1923,-65689.42572183265,-65712.92651515683,5.551115123125783e-17,27.088403761197004,0.1,156.40339457579205,156.40339457579205,39.10084864394801,-1.6521175961683876e-18
1924,-64974.91311897119,-64990.9875627146,0.0,26.93685740316495,0.1,154.70217409278857,154.70217409278857,38.67554352319714,0.0
1925,-65062.11449209743,-65080.346346922015,0.0,31.41908429926781,0.1,154.90979640975578,154.90979640975578,38.727449102438946,0.0
1926,-65642.89116196096,-65670.84101780913,0.0,27.721101761701735,0.1,156.29259800466895,156.29259800466895,39.07314950116724,0.0
1927,-66181.41425892206,-66204.87228764768,0.0,27.57031276212388,0.1,157.57479585457634,157.57479585457634,39.393698963644084,0.0
1928,-65133.807653136,-65144.19595581565,2.7755575615628914e-17,28.7828233745657,0.1,155.08049441222857,155.08049441222857,38.770123603057144,-8.260587980841938e-19
1929,-65681.83752887994,-65682.89257819136,2.7755575615628914e-17,30.269457761479416,0.1,156.38532744971417,156.38532744971417,39.09633186242854,-8.260587980841938e-19
1930,-64798.694713346464,-64801.749483948806,2.7755575615628914e-17,26.429016433973665,0.1,154.28260646034875,154.28260646034875,38.570651615087186,-8.260587980841938e-19
1931,-65709.80026232764,-65716.34872274338,0.0,27.766944915372132,0.1,156.4519053864944,156.4519053864944,39.1129763466236,0.0
1932,-64322.23624224307,-64336.89698998379,0.0,17.026220209183336,0.1,153.14818152915018,153.14818152915018,38.287045382287545,0.0
1933,-63058.26245876011,-63077.46945507029,2.7755575615628914e-17,22.110396115836448,0.1,150.13872013990502,150.13872013990502,37.534680034976255,-8.260587980841938e-19
1934,-65679.17642280272,-65702.98789001085,0.0,25.006628443672035,0.1,156.37899148286363,156.37899148286363,39.094747870715906,0.0
1935,-64574.696597970484,-64593.650807824364,0.0,20.21215522492394,0.1,153.74927761421546,153.74927761421546,38.437319403553865,0.0
1936,-64635.14496606952,-64644.25164375525,0.0,22.706806819494577,0.1,153.89320230016554,153.89320230016554,38.473300575041385,0.0
1937,-64569.98391358194,-64593.55093838437,0.0,33.386885439027445,0.1,153.73805693709988,153.73805693709988,38.43451423427497,0.0
1938,-62278.48290138182,-62285.43118386439,0.0,30.3842407232884,0.1,148.28210214614722,148.28210214614722,37.070525536536806,0.0
1939,-64991.81222221462,-64985.11544803736,0.0,19.029052994538553,0.1,154.74241005289196,154.74241005289196,38.68560251322299,0.0
1940,-63939.0258102156,-63944.43802565373,0.0,18.237456552796388,0.1,152.2357757386086,152.2357757386086,38.05894393465215,0.0
1941,-64116.52357682375,-64115.68769292587,2.7755575615628914e-17,27.064994560688987,0.1,152.65838946862797,152.65838946862797,38.16459736715699,-8.260587980841938e-19
1942,-64452.65194578873,-64465.51126881145,0.0,26.897026988025548,0.1,153.4586951090208,153.4586951090208,38.3646737772552,0.0
1943,-62238.02056660019,-62259.925293461405,0.0,26.32808496586267,0.1,148.18576325381,148.18576325381,37.0464408134525,0.0
1944,-68472.68867570563,-68494.26630746714,2.7755575615628914e-17,24.652338568788654,0.1,163.03021113263247,163.03021113263247,40.75755278315812,-8.260587980841938e-19
1945,-64670.41928325631,-64673.54934937326,0.0,30.28907090410398,0.1,153.9771887696579,153.9771887696579,38.49429719241447,0.0
1946,-65154.87575237167,-65163.98463104386,0.0,20.32201850618787,0.1,155.13065655326588,155.13065655326588,38.78266413831647,0.0
1947,-64989.41189087555,-65002.632712117505,0.0,20.435945403517437,0.1,154.73669497827512,154.73669497827512,38.68417374456878,0.0
1948,-66663.36325660984,-66674.18895278995,0.0,26.720269607817333,0.1,158.7222934681187,158.7222934681187,39.68057336702967,0.0
1949,-64404.12916371795,-64422.612581110414,0.0,20.510849667871852,0.1,153.34316467551895,153.34316467551895,38.33579116887974,0.0
1950,-63088.46307785203,-63098.586024122545,0.0,30.371665023851218,0.1,150.21062637583816,150.21062637583816,37.55265659395954,0.0
1951,-64603.723078443974,-64623.68707962131,2.7755575615628914e-17,35.37532519674271,0.1,153.8183882820095,153.8183882820095,38.45459707050237,-8.260587980841938e-19
1952,-66844.01903180705,-66870.82031354446,0.0,30.721465342799696,0.1,159.15242626620727,159.15242626620727,39.78810656655182,0.0
1953,-63870.84901129288,-63871.97032578832,2.7755575615628914e-17,28.819301758167114,0.1,152.07345002688783,152.07345002688783,38.01836250672196,-8.260587980841938e-19
1954,-66541.84236052902,-66556.31129251205,0.0,22.245090982308753,0.1,158.43295800125958,158.43295800125958,39.608239500314895,0.0
1955,-64012.28104722992,-64028.96120063524,0.0,29.72605767305742,0.1,152.41019296959504,152.41019296959504,38.10254824239876,0.0
1956,-65921.08274257342,-65941.09105848346,0.0,20.6076309932897,0.1,156.95495891088908,156.95495891088908,39.23873972772227,0.0
1957,-64812.50119142348,-64834.9257805594,0.0,21.81206228962018,0.1,154.31547902719876,154.31547902719876,38.57886975679969,0.0
1958,-66032.29721227923,-66049.46404346888,0.0,23.48324966261433,0.1,157.2197552673315,157.2197552673315,39.30493881683287,0.0
1959,-65222.312332178255,-65235.1236696609,0.0,28.831214875202548,0.1,155.29121983851968,155.29121983851968,38.82280495962992,0.0
1960,-64636.771792956846,-64641.36985575869,0.0,34.72597537138466,0.1,153.8970756975163,153.8970756975163,38.474268924379075,0.0
1961,-65074.58971953884,-65071.37885884589,0.0,22.011661583725715,0.1,154.93949933223536,154.93949933223536,38.73487483305884,0.0
1962,-64613.37436571484,-64632.076484614256,0.0,27.92157083217655,0.1,153.8413675374163,153.8413675374163,38.46034188435407,0.0
1963,-64002.03568987163,-64016.03093266591,0.0,24.713046484992287,0.1,152.38579926159912,152.38579926159912,38.09644981539978,0.0
1964,-64012.31748440037,-64031.42298525365,0.0,23.8446526127116,0.1,152.4102797247628,152.4102797247628,38.1025699311907,0.0
1965,-64440.01205091502,-64468.94386349437,0.0,29.19674557115801,0.1,153.42860012122625,153.42860012122625,38.35715003030656,0.0
1966,-64740.53557287001,-64764.263816380066,0.0,20.169216383147916,0.1,154.14413231635717,154.14413231635717,38.53603307908929,0.0
1967,-66018.746921262,-66032.95303701794,0.0,23.497670256396482,0.1,157.18749266967146,157.18749266967146,39.296873167417864,0.0
1968,-63635.92803477353,-63640.872021016636,0.0,26.800820919728835,0.1,151.51411436850842,151.51411436850842,37.878528592127104,0.0
1969,-65497.27359358146,-65506.89713600367,0.0,28.277019149251185,0.1,155.9458895085273,155.9458895085273,38.986472377131825,0.0
1970,-63359.569663985254,-63363.86774835631,0.0,33.5952030642091,0.1,150.85611824758394,150.85611824758394,37.714029561895984,0.0
1971,-64517.710808212774,-64523.74748162685,2.7755575615628914e-17,26.09651168600218,0.1,153.61359716241137,153.61359716241137,38.40339929060284,-8.260587980841938e-19
1972,-65820.91547430954,-65843.83406741342,0.0,22.146797848999437,0.1,156.71646541502272,156.71646541502272,39.17911635375568,0.0
1973,-64169.92214387437,-64193.4468303087,0.0,18.85408201099792,0.1,152.7855289139866,152.7855289139866,38.19638222849665,0.0
1974,-64072.312166068776,-64101.8333430606,0.0,25.070746324828793,0.1,152.55312420492567,152.55312420492567,38.13828105123142,0.0
1975,-65675.90003531314,-65684.93592123345,0.0,23.50409113786283,0.1,156.37119056026938,156.37119056026938,39.092797640067346,0.0
1976,-66086.52636073482,-66109.61555342874,0.0,22.077723540747808,0.1,157.34887228746388,157.34887228746388,39.33721807186597,0.0
1977,-66047.19542045794,-66054.70184356371,0.0,23.89231701208131,0.1,157.25522719156652,157.25522719156652,39.31380679789163,0.0
1978,-65429.68792529711,-65432.91830416941,0.0,34.10271953970908,0.1,155.7849712507074,155.7849712507074,38.94624281267685,0.0
1979,-63193.628839472316,-63202.964893560165,0.0,29.158083930902016,0.1,150.46102104636267,150.46102104636267,37.61525526159067,0.0
1980,-64821.33560944129,-64838.43031027776,2.7755575615628914e-17,20.07732974759016,0.1,154.3365133558126,154.3365133558126,38.58412833895315,-8.260587980841938e-19
1981,-64822.43645679201,-64837.37690969989,0.0,28.92001389655374,0.1,154.3391344209334,154.3391344209334,38.58478360523335,0.0
1982,-63727.72056471682,-63740.83795136596,0.0,30.96556472925514,0.1,151.73266801123054,151.73266801123054,37.933167002807636,0.0
1983,-62726.660050732484,-62751.875204660304,2.7755575615628914e-17,29.59457427329165,0.1,149.3491905969821,149.3491905969821,37.33729764924553,-8.260587980841938e-19
1984,-65563.133762099,-65573.53719437626,0.0,19.600787761092565,0.1,156.10269943356903,156.10269943356903,39.02567485839226,0.0
1985,-64985.56321573017,-64994.42733967654,0.0,25.981204703333603,0.1,154.72753146602423,154.72753146602423,38.68188286650606,0.0
1986,-64317.83421302851,-64338.29208016383,0.0,14.142142976197762,0.1,153.13770050721072,153.13770050721072,38.28442512680268,0.0
1987,-64802.25637377071,-64817.175241754594,2.7755575615628914e-17,25.790446126615922,0.1,154.291086604216,154.291086604216,38.572771651054,-8.260587980841938e-19
1988,-65818.29511017799,-65830.51966761483,0.0,31.456369195079397,0.1,156.71022645280476,156.71022645280476,39.17755661320119,0.0
1989,-63444.935135660795,-63464.152936403305,2.7755575615628914e-17,31.550959540404484,0.1,151.05936937062094,151.05936937062094,37.764842342655236,-8.260587980841938e-19
1990,-63386.66161981927,-63399.50201461577,0.0,29.687387462534623,0.1,150.92062290433162,150.92062290433162,37.730155726082906,0.0
1991,-66334.03105939776,-66365.38172334303,0.0,31.558467246363307,0.1,157.9381691890423,157.9381691890423,39.484542297260575,0.0
1992,-66399.85166112351,-66403.93024518923,0.0,23.731619612288096,0.1,158.09488490743692,158.09488490743692,39.52372122685923,0.0
1993,-64379.28922215101,-64390.83757509651,0.0,27.44627267538164,0.1,153.28402195750243,153.28402195750243,38.32100548937561,0.0
1994,-66174.14213297918,-66196.00566852932,0.0,20.80553662987132,0.1,157.55748126899803,157.55748126899803,39.38937031724951,0.0
1995,-66384.01652234755,-66399.69490748672,0.0,14.900363339219318,0.1,158.0571821960656,158.0571821960656,39.5142955490164,0.0
1996,-65673.27323297194,-65702.69268302996,0.0,22.43812879661653,0.1,156.36493626898084,156.36493626898084,39.09123406724521,0.0
1997,-63785.00291635503,-63800.56155575348,0.0,23.451751430059694,0.1,151.86905456275008,151.86905456275008,37.96726364068752,0.0
1998,-65024.614879338944,-65051.07515508908,0.0,10.812467793013106,0.1,154.8205116174737,154.8205116174737,38.705127904368425,0.0
1999,-65474.2160953884,-65489.04999196514,0.0,24.47090621251151,0.1,155.8909907033057,155.8909907033057,38.972747675826426,0.0
2000,-66001.51508011197,-66011.97871623606,0.0,33.63113272817816,0.1,157.14646447645708,157.14646447645708,39.28661611911427,0.0
2001,-66465.58496369304,-66471.71166910448,0.0,28.858980886178305,0.1,158.2513927706977,158.2513927706977,39.56284819267442,0.0
2002,-65728.85910384862,-65747.42163173568,0.0,31.307596262677578,0.1,156.49728358059195,156.49728358059195,39.12432089514799,0.0
2003,-66484.13473079394,-66492.46283994617,0.0,21.335155504381206,0.1,158.29555888284273,158.29555888284273,39.57388972071068,0.0
2004,-66249.3625908815,-66275.32328995627,0.0,27.126606541650553,0.1,157.73657759733692,157.73657759733692,39.43414439933423,0.0
2005,-65628.51081618266,-65628.0614427159,0.0,22.30347492768365,0.1,156.25835908614923,156.25835908614923,39.06458977153731,0.0
2006,-64699.426150284904,-64718.289976823384,0.0,29.188821107732945,0.1,154.0462527387736,154.0462527387736,38.5115631846934,0.0
2007,-63965.953013788276,-63974.16070725635,0.0,10.428720050915295,0.1,152.29988812806732,152.29988812806732,38.07497203201683,0.0
2008,-64019.18658463227,-64039.41881648964,2.7755575615628914e-17,18.898396550280122,0.1,152.42663472531493,152.42663472531493,38.10665868132873,-8.260587980841938e-19
2009,-64659.093105864195,-64653.91971788297,0.0,10.838370375079297,0.1,153.95022168062903,153.95022168062903,38.48755542015726,0.0
2010,-63126.22711205063,-63149.3669206526,0.0,25.643087252024834,0.1,150.3005407429777,150.3005407429777,37.57513518574442,0.0
2011,-63785.24951801006,-63797.992954202935,0.0,31.94512181481381,0.1,151.86964170954775,151.86964170954775,37.96741042738694,0.0
2012,-66107.644895196,-66129.01814202624,0.0,33.08150021360959,0.1,157.39915451237144,157.39915451237144,39.34978862809286,0.0
2013,-63539.537308858395,-63540.60995413672,0.0,24.82724688023018,0.1,151.28461264013904,151.28461264013904,37.82115316003476,0.0
2014,-63520.68348852931,-63519.51635477983,0.0,23.853088340722664,0.1,151.23972259173647,151.23972259173647,37.80993064793412,0.0
2015,-64870.091631502466,-64882.6054729648,0.0,28.133068186315356,0.1,154.45259912262495,154.45259912262495,38.61314978065624,0.0
2016,-65833.04189199649,-65848.4975308079,0.0,28.11703569139958,0.1,156.74533783808687,156.74533783808687,39.18633445952172,0.0
2017,-65947.4890426055,-65969.5234439369,0.0,35.77464338691571,0.1,157.01783105382265,157.01783105382265,39.25445776345566,0.0
2018,-64923.652992892145,-64935.50002633929,0.0,20.294886496668106,0.1,154.58012617355274,154.58012617355274,38.645031543388185,0.0
2019,-66720.1736986273,-66737.63453478046,0.0,20.988599864302284,0.1,158.8575564253031,158.8575564253031,39.714389106325775,0.0
2020,-64634.08387981007,-64663.903487494434,0.0,23.583909805273837,0.1,153.8906759043097,153.8906759043097,38.47266897607742,0.0
2021,-66548.58014229038,-66557.92437861164,0.0,22.64342139424441,0.1,158.44900033878662,158.44900033878662,39.612250084696655,0.0
2022,-64663.42463478589,-64685.60880902061,0.0,24.211265083842573,0.1,153.96053484472833,153.96053484472833,38.49013371118208,0.0
2023,-65126.66500021825,-65135.24833201695,0.0,33.32675958811765,0.1,155.06348809575775,155.06348809575775,38.76587202393944,0.0
2024,-65553.8218795764,-65560.26018116978,0.0,25.17783037016497,0.1,156.0805282847057,156.0805282847057,39.02013207117643,0.0
2025,-67294.3053592496,-67315.8284207657,0.0,16.843324447914632,0.1,160.2245365696419,160.2245365696419,40.05613414241048,0.0
2026,-64836.93620782141,-64856.73881283547,0.0,19.72446162259775,0.1,154.37365763767005,154.37365763767005,38.59341440941751,0.0
2027,-67156.98747389864,-67180.21530170698,0.0,20.18674494040512,0.1,159.8975892235682,159.8975892235682,39.97439730589205,0.0
2028,-67257.05002506387,-67278.97771538237,0.0,30.529165331473564,0.1,160.13583339300922,160.13583339300922,40.033958348252305,0.0
2029,-67895.36094357839,-67918.97530883472,2.7755575615628914e-17,26.256583241190512,0.1,161.65562129423427,161.65562129423427,40.413905323558566,-8.260587980841938e-19
2030,-67390.13089024734,-67402.81788081804,0.0,22.11790211832578,0.1,160.45269259582702,160.45269259582702,40.113173148956754,0.0
2031,-68346.0099998658,-68375.72034677397,2.7755575615628914e-17,21.502523899161783,0.1,162.72859523777572,162.72859523777572,40.68214880944393,-8.260587980841938e-19
2032,-65938.54088159738,-65943.17022086168,0.0,28.32684467516415,0.1,156.9965259085652,156.9965259085652,39.2491314771413,0.0
2033,-65035.06076638164,-65042.099398349776,0.0,20.249682512669363,0.1,154.84538277709916,154.84538277709916,38.71134569427479,0.0
2034,-67535.7265329736,-67536.2904903519,0.0,22.585450802697412,0.1,160.7993488880324,160.7993488880324,40.1998372220081,0.0
2035,-65034.027521147225,-65048.200370908264,0.0,26.215458638303495,0.1,154.84292266939815,154.84292266939815,38.71073066734954,0.0
2036,-63941.83684498405,-63966.349907427044,0.0,27.634489618328967,0.1,152.24246867853347,152.24246867853347,38.06061716963337,0.0
2037,-66152.76424277296,-66165.85552057743,0.0,24.0090216181014,0.1,157.5065815304118,157.5065815304118,39.37664538260295,0.0
2038,-66485.14536756312,-66505.24694225227,0.0,31.362850814642847,0.1,158.29796516086458,158.29796516086458,39.574491290216145,0.0
2039,-65343.05052993881,-65359.31367193364,0.0,22.654345728947956,0.1,155.57869173794955,155.57869173794955,38.89467293448739,0.0
2040,-66408.32775960023,-66413.39909958937,0.0,17.773973677938873,0.1,158.11506609428628,158.11506609428628,39.52876652357157,0.0
2041,-68633.16095538392,-68654.82365210436,0.0,27.889892618197784,0.1,163.41228798900934,163.41228798900934,40.853071997252336,0.0
2042,-65992.65566229963,-66013.4292975507,0.0,24.35670276823972,0.1,157.12537062452293,157.12537062452293,39.28134265613073,0.0
2043,-66849.19010251923,-66878.25944997816,0.0,22.57940752707591,0.1,159.16473833933154,159.16473833933154,39.791184584832884,0.0
2044,-64891.54305026323,-64916.095742635305,0.0,24.806285525052285,0.1,154.5036739291982,154.5036739291982,38.62591848229955,0.0
2045,-64935.23888335402,-64944.155375707225,0.0,27.962651536588808,0.1,154.60771162703338,154.60771162703338,38.651927906758345,0.0
2046,-65218.23324780093,-65237.32960898777,0.0,26.78486379633463,0.1,155.28150773285935,155.28150773285935,38.82037693321484,0.0
2047,-66483.18732236796,-66499.00010658852,0.0,24.810534591415845,0.1,158.29330314849514,158.29330314849514,39.573325787123785,0.0
2048,-65534.450905976366,-65573.33462590507,0.0,30.921283225980865,0.1,156.03440691899135,156.03440691899135,39.00860172974784,0.0
2049,-65247.292042746136,-65269.52031169599,0.0,25.55899579101694,0.1,155.35069533987175,155.35069533987175,38.83767383496794,0.0
2050,-66662.62485400497,-66687.69642601094,0.0,27.58997388195726,0.1,158.7205353666785,158.7205353666785,39.68013384166962,0.0
2051,-66317.8488379312,-66333.11088545894,0.0,23.482178373670425,0.1,157.8996400903124,157.8996400903124,39.4749100225781,0.0
2052,-67278.85365545544,-67293.04448207881,0.0,9.147871320609722,0.1,160.18774679870344,160.18774679870344,40.04693669967586,0.0
2053,-65916.99244710388,-65934.09845549686,0.0,22.557619599448202,0.1,156.9452201121521,156.9452201121521,39.236305028038025,0.0
2054,-66170.42398983115,-66201.35068981397,0.0,25.09672035405877,0.1,157.54862854721702,157.54862854721702,39.387157136804255,0.0
2055,-66872.53043826933,-66875.64080407398,0.0,24.750599229359413,0.1,159.22031056730793,159.22031056730793,39.80507764182698,0.0
2056,-66116.20203178235,-66120.74082093172,0.0,27.367037078562333,0.1,157.41952864710083,157.41952864710083,39.35488216177521,0.0
2057,-68140.4925822761,-68158.40205591949,2.7755575615628914e-17,29.78919815554134,0.1,162.23926805303833,162.23926805303833,40.55981701325958,-8.260587980841938e-19
2058,-69634.0425379372,-69641.13372002025,2.7755575615628914e-17,25.170040481140735,0.1,165.79533937604097,165.79533937604097,41.44883484401024,-8.260587980841938e-19
2059,-67988.93085076731,-67990.28063281304,0.0,28.507473909623574,0.1,161.87840678754122,161.87840678754122,40.469601696885306,0.0
2060,-69191.9276678896,-69212.116379694,0.0,27.479025105137854,0.1,164.74268492354668,164.74268492354668,41.18567123088667,0.0
2061,-67901.34977804562,-67916.3659683592,2.7755575615628914e-17,27.073864453943955,0.1,161.66988042391816,161.66988042391816,40.41747010597954,-8.260587980841938e-19
2062,-67675.16340422026,-67706.20679530335,0.0,23.57452871478993,0.1,161.13134143861967,161.13134143861967,40.28283535965492,0.0
2063,-67127.24627256584,-67143.63272440294,0.0,19.56936850409295,0.1,159.8267768394425,159.8267768394425,39.95669420986062,0.0
2064,-66004.43528995368,-66010.7526803377,0.0,25.489066465466536,0.1,157.15341735703257,157.15341735703257,39.28835433925814,0.0
2065,-68514.33260131424,-68540.37193678126,0.0,23.71859587874214,0.1,163.12936333646246,163.12936333646246,40.782340834115615,0.0
2066,-63767.75281766539,-63780.393652372266,0.0,22.965573777478127,0.1,151.8279828992033,151.8279828992033,37.95699572480083,0.0
2067,-64961.668463206406,-64971.320896497964,2.7755575615628914e-17,26.474857278544107,0.1,154.67063919811048,154.67063919811048,38.66765979952762,-8.260587980841938e-19
2068,-67711.00535660093,-67711.03278014914,0.0,31.40469788333364,0.1,161.2166794204784,161.2166794204784,40.3041698551196,0.0
2069,-67294.40412580069,-67302.7499028194,2.7755575615628914e-17,28.609517427190706,0.1,160.2247717280969,160.2247717280969,40.056192932024224,-8.260587980841938e-19
2070,-64241.85907309666,-64244.15908712272,0.0,28.34420065273109,0.1,152.95680731689683,152.95680731689683,38.23920182922421,0.0
2071,-65425.498206778444,-65447.21765285659,0.0,26.921010360029484,0.1,155.77499573042488,155.77499573042488,38.94374893260622,0.0
2072,-63648.963955019644,-63654.019669801644,0.0,26.247740947990387,0.1,151.5451522738563,151.5451522738563,37.886288068464076,0.0
2073,-65843.27677911727,-65846.44621726993,0.0,23.736183724519073,0.1,156.76970661694588,156.76970661694588,39.19242665423647,0.0
2074,-65597.72576427684,-65623.01989528639,0.0,28.98350963535371,0.1,156.18506134351628,156.18506134351628,39.04626533587907,0.0
2075,-67912.02529757931,-67927.17712700472,0.0,20.12596712038579,0.1,161.6952983275698,161.6952983275698,40.42382458189245,0.0
2076,-64437.03865491961,-64458.49453204135,0.0,25.096906188490127,0.1,153.42152060695147,153.42152060695147,38.35538015173787,0.0
2077,-66480.54512283207,-66472.34196684977,0.0,28.913149131582593,0.1,158.28701219721924,158.28701219721924,39.57175304930481,0.0
2078,-66273.50483681186,-66288.26250847316,0.0,31.01225623991536,0.1,157.79405913526634,157.79405913526634,39.448514783816584,0.0
2079,-66745.59801204447,-66749.64530685605,0.0,9.116480934019997,0.1,158.9180905048678,158.9180905048678,39.72952262621695,0.0
2080,-65064.662285625374,-65082.45312420883,0.0,26.457818383409865,0.1,154.91586258482235,154.91586258482235,38.72896564620559,0.0
2081,-66713.6563131619,-66711.74959688584,5.551115123125783e-17,20.10750227066697,0.1,158.84203884086168,158.84203884086168,39.71050971021542,-1.6521175961683876e-18
2082,-65864.06000120332,-65906.61217864053,2.7755575615628914e-17,23.471946929230985,0.1,156.81919047905552,156.81919047905552,39.20479761976388,-8.260587980841938e-19
2083,-65344.07015767696,-65366.37974744072,0.0,21.746700863158082,0.1,155.58111942304038,155.58111942304038,38.895279855760094,0.0
2084,-65354.7714848698,-65348.86845588127,0.0,24.148708766020473,0.1,155.60659877349954,155.60659877349954,38.901649693374885,0.0
2085,-66903.3187047931,-66915.66265919023,0.0,23.000608806658143,0.1,159.2936159637931,159.2936159637931,39.82340399094827,0.0
2086,-66466.73196550611,-66480.58555715105,0.0,26.32134135822818,0.1,158.25412372739552,158.25412372739552,39.56353093184888,0.0
2087,-66624.68384499227,-66638.18267547972,0.0,18.67996916026318,0.1,158.630199630934,158.630199630934,39.6575499077335,0.0
2088,-66488.87624027293,-66508.73808818855,2.7755575615628914e-17,15.253141223387884,0.1,158.30684819112605,158.30684819112605,39.57671204778151,-8.260587980841938e-19
2089,-65811.13329421468,-65805.62971964185,0.0,28.69590247350784,0.1,156.69317451003496,156.69317451003496,39.17329362750874,0.0
2090,-65718.1300251797,-65738.20022790105,0.0,24.71302317462982,0.1,156.47173815518977,156.47173815518977,39.11793453879744,0.0
2091,-64744.72122561254,-64745.76674056499,2.7755575615628914e-17,21.460445296629622,0.1,154.15409815622036,154.15409815622036,38.53852453905509,-8.260587980841938e-19
2092,-66007.53768082746,-66019.9102133506,0.0,17.020530157129432,0.1,157.16080400197015,157.16080400197015,39.29020100049254,0.0
2093,-66241.83295099295,-66249.44266441271,0.0,28.261651690883397,0.1,157.71864988331654,157.71864988331654,39.429662470829136,0.0
2094,-64420.27378631839,-64449.54683996128,0.0,22.90282623670725,0.1,153.38160425313905,153.38160425313905,38.34540106328476,0.0
2095,-66799.67654377212,-66822.24142731528,0.0,15.429699647062664,0.1,159.04684891374313,159.04684891374313,39.76171222843578,0.0
2096,-63786.758013909435,-63808.352526320574,0.0,20.980257926362594,0.1,151.87323336645105,151.87323336645105,37.96830834161276,0.0
2097,-65686.40388348952,-65704.4773396566,0.0,23.761237908801455,0.1,156.3961997225941,156.3961997225941,39.099049930648526,0.0
2098,-64851.650125090186,-64879.85426518803,0.0,20.62782175830041,0.1,154.40869077402425,154.40869077402425,38.60217269350606,0.0
2099,-65858.41337455995,-65879.68943753558,0.0,23.60246268351733,0.1,156.80574612990466,156.80574612990466,39.201436532476166,0.0
2100,-64315.78467306185,-64329.20161828175,0.0,24.08073053420395,0.1,153.13282065014727,153.13282065014727,38.28320516253682,0.0
2101,-64527.44925633359,-64533.992525288646,0.0,24.92950517046664,0.1,153.6367839436514,153.6367839436514,38.40919598591285,0.0
2102,-64123.21057537592,-64137.5840931547,0.0,26.206201242033647,0.1,152.6743108937522,152.6743108937522,38.16857772343805,0.0
2103,-65510.126259728226,-65525.97131118515,0.0,28.98997274806118,0.1,155.97649109459104,155.97649109459104,38.99412277364776,0.0
2104,-64601.67992444541,-64625.91501060588,2.7755575615628914e-17,19.746883390860994,0.1,153.81352362963193,153.81352362963193,38.45338090740798,-8.260587980841938e-19
2105,-63470.18255125206,-63493.87027625796,0.0,19.068317864450727,0.1,151.11948226488587,151.11948226488587,37.77987056622147,0.0
2106,-65347.17472717382,-65368.0532860552,0.0,28.098693923514343,0.1,155.58851125517577,155.58851125517577,38.897127813793944,0.0
2107,-65764.07326674974,-65759.96009783311,0.0,25.46489623264705,0.1,156.58112682559462,156.58112682559462,39.145281706398656,0.0
2108,-64545.599693950375,-64555.914732816775,0.0,21.206173710323124,0.1,153.67999927131044,153.67999927131044,38.41999981782761,0.0
2109,-64252.27325226872,-64280.78177557571,0.0,21.731604296812904,0.1,152.9816029815922,152.9816029815922,38.24540074539805,0.0
2110,-65305.60070725179,-65312.53693796061,0.0,25.378474700025468,0.1,155.48952549345665,155.48952549345665,38.87238137336416,0.0
2111,-64358.08009615666,-64379.93599361964,0.0,24.291757069949366,0.1,153.23352403846826,153.23352403846826,38.308381009617065,0.0
2112,-63643.10159313162,-63669.76529858831,2.7755575615628914e-17,27.654878309820454,0.1,151.531194269361,151.531194269361,37.88279856734025,-8.260587980841938e-19
2113,-65775.92710303595,-65769.14498983863,0.0,22.35266518246496,0.1,156.6093502453237,156.6093502453237,39.152337561330924,0.0
2114,-66829.62178553488,-66839.00336454136,0.0,27.39680476714711,0.1,159.1181471084164,159.1181471084164,39.7795367771041,0.0
2115,-64844.27631495363,-64833.02814438989,0.0,37.74504854358861,0.1,154.39113408322297,154.39113408322297,38.59778352080574,0.0
2116,-65200.36866702351,-65220.678927972454,2.7755575615628914e-17,25.744384019588455,0.1,155.23897301672264,155.23897301672264,38.80974325418066,-8.260587980841938e-19
2117,-64215.0242892952,-64241.83996645939,0.0,36.71827026406312,0.1,152.8929149745124,152.8929149745124,38.2232287436281,0.0
2118,-65749.93131410582,-65773.6387805517,0.0,29.7440654823581,0.1,156.54745550977577,156.54745550977577,39.13686387744394,0.0
2119,-64435.433566426094,-64451.74046667074,0.0,24.29237123316526,0.1,153.4176989676812,153.4176989676812,38.3544247419203,0.0
2120,-66437.13286593836,-66447.37491149831,0.0,20.86944004142729,0.1,158.18364968080564,158.18364968080564,39.54591242020141,0.0
2121,-67264.23363546307,-67272.36349446607,0.0,18.247220178285083,0.1,160.15293722729302,160.15293722729302,40.038234306823256,0.0
2122,-66815.49903639295,-66829.7403218861,0.0,16.576662113868068,0.1,159.08452151522133,159.08452151522133,39.77113037880533,0.0
2123,-65670.59137938991,-65687.50054463134,0.0,24.81834695978829,0.1,156.35855090330932,156.35855090330932,39.08963772582733,0.0
2124,-66690.14415153404,-66706.61350451791,2.7755575615628914e-17,22.38934214990004,0.1,158.78605750365247,158.78605750365247,39.69651437591312,-8.260587980841938e-19
2125,-65358.53252105028,-65404.301124752084,0.0,31.800579500901563,0.1,155.6155536215483,155.6155536215483,38.90388840538707,0.0
2126,-65458.37136846957,-65460.92594346872,0.0,26.16434043713449,0.1,155.8532651630228,155.8532651630228,38.9633162907557,0.0
2127,-63335.34189329838,-63344.261831869,0.0,19.92760136646293,0.1,150.79843307928186,150.79843307928186,37.699608269820466,0.0
2128,-63112.5322462549,-63114.131525543664,0.0,27.16108345379627,0.1,150.26793391965452,150.26793391965452,37.56698347991363,0.0
2129,-62864.997645842755,-62873.18384349206,0.0,29.839130120126022,0.1,149.67856582343515,149.67856582343515,37.41964145585879,0.0
2130,-65525.95127336573,-65550.88909551104,0.0,31.869571926057247,0.1,156.01416969848984,156.01416969848984,39.00354242462246,0.0
2131,-65013.99299165177,-65020.46912399103,2.7755575615628914e-17,27.376828053460052,0.1,154.79522140869472,154.79522140869472,38.69880535217368,-8.260587980841938e-19
2132,-65946.25982301627,-65967.58436518269,0.0,22.629109124480177,0.1,157.01490434051493,157.01490434051493,39.25372608512873,0.0
2133,-64451.01640085164,-64458.29868127771,0.0,33.047603328879866,0.1,153.45480095440865,153.45480095440865,38.36370023860216,0.0
2134,-66339.55344526135,-66356.82840401867,0.0,28.17983875355869,0.1,157.95131772681276,157.95131772681276,39.48782943170319,0.0
2135,-62834.089653365474,-62840.86889324719,0.0,18.90357766738903,0.1,149.6049753651559,149.6049753651559,37.401243841288974,0.0
2136,-64181.115204342124,-64190.4207065972,0.0,24.379893063050016,0.1,152.81217905795745,152.81217905795745,38.20304476448936,0.0
2137,-63620.06903482437,-63624.4268347562,0.0,24.950775956748085,0.1,151.47635484481992,151.47635484481992,37.86908871120498,0.0
2138,-64203.4563672635,-64201.57131538281,0.0,19.39976288765064,0.1,152.86537230300831,152.86537230300831,38.21634307575208,0.0
2139,-64482.82129640202,-64504.53040888479,0.0,28.018952601389472,0.1,153.5305268961953,153.5305268961953,38.38263172404883,0.0
2140,-66127.49899159119,-66138.58022393732,0.0,19.911178454615236,0.1,157.44642617045523,157.44642617045523,39.361606542613806,0.0
2141,-64492.269020088796,-64496.99498457353,0.0,23.13365877029343,0.1,153.5530214764019,153.5530214764019,38.38825536910048,0.0
2142,-64835.62250514981,-64857.067690066266,0.0,29.641228456721624,0.1,154.37052977416622,154.37052977416622,38.592632443541554,0.0
2143,-65346.41488367268,-65356.44956631786,0.0,19.23253787007608,0.1,155.5867021039826,155.5867021039826,38.89667552599565,0.0
2144,-62272.76296068109,-62290.44139705975,0.0,20.882325146870752,0.1,148.2684832397169,148.2684832397169,37.06712080992922,0.0
2145,-63265.033827553,-63274.85130116439,0.0,31.626380452185188,0.1,150.63103292274525,150.63103292274525,37.65775823068631,0.0
2146,-64275.4125245358,-64298.68367882146,0.0,25.789871561257257,0.1,153.03669648699002,153.03669648699002,38.259174121747506,0.0
2147,-64337.43132143675,-64339.71213142562,0.0,26.056982837353296,0.1,153.18436028913513,153.18436028913513,38.29609007228378,0.0
2148,-64230.889716791185,-64256.51628969906,0.0,23.121831671172323,0.1,152.93068980188377,152.93068980188377,38.23267245047094,0.0
2149,-66972.68251335285,-67001.19365425271,0.0,31.463726447591036,0.1,159.45876788893534,159.45876788893534,39.864691972233835,0.0
2150,-66853.13807386518,-66884.77540218661,0.0,26.526215632656765,0.1,159.17413827110758,159.17413827110758,39.793534567776895,0.0
2151,-65828.46065803895,-65849.334575037,0.0,32.07093644165545,0.1,156.734430138188,156.734430138188,39.183607534547,0.0
2152,-64994.14858486714,-65013.62252423783,0.0,22.493829461048936,0.1,154.74797282111226,154.74797282111226,38.686993205278064,0.0
2153,-64279.45370664105,-64289.968278275766,2.7755575615628914e-17,26.192774768868695,0.1,153.04631834914537,153.04631834914537,38.26157958728634,-8.260587980841938e-19
2154,-66319.18574052709,-66321.28012630763,0.0,24.283705423179036,0.1,157.90282319173116,157.90282319173116,39.47570579793279,0.0
2155,-63820.68033385135,-63846.64580503365,0.0,14.043730744173594,0.1,151.95400079488417,151.95400079488417,37.98850019872104,0.0
2156,-64700.09659704926,-64730.44141806721,0.0,30.6118710935158,0.1,154.0478490405935,154.0478490405935,38.51196226014837,0.0
2157,-65257.869550238895,-65268.27190408059,0.0,27.716954139359046,0.1,155.3758798815212,155.3758798815212,38.8439699703803,0.0
2158,-65362.25837583444,-65377.2898531035,0.0,31.149951842193417,0.1,155.62442470436773,155.62442470436773,38.90610617609193,0.0
2159,-64211.35601661084,-64236.18284803854,0.0,17.999646384084954,0.1,152.88418099193058,152.88418099193058,38.221045247982644,0.0
2160,-65179.183007945336,-65200.05563207998,0.0,23.97186073178376,0.1,155.18853097129843,155.18853097129843,38.79713274282461,0.0
2161,-64004.90786871554,-64020.73619442072,0.0,21.35914049515092,0.1,152.39263778265607,152.39263778265607,38.09815944566402,0.0
2162,-64625.802726209775,-64658.284096900985,0.0,30.20030909951288,0.1,153.87095887192805,153.87095887192805,38.46773971798201,0.0
2163,-64878.39761119235,-64885.99989955262,0.0,18.326946965448837,0.1,154.47237526474368,154.47237526474368,38.61809381618592,0.0
2164,-64363.000623328604,-64374.143897018825,2.7755575615628914e-17,27.17251323045653,0.1,153.24523957935384,153.24523957935384,38.31130989483846,-8.260587980841938e-19
2165,-64748.27100380603,-64765.67306224549,0.0,31.26566412384122,0.1,154.162550009062,154.162550009062,38.5406375022655,0.0
2166,-64233.7345653664,-64256.63376258821,0.0,29.847845128764533,0.1,152.93746325087238,152.93746325087238,38.234365812718096,0.0
2167,-66705.02792960768,-66723.29648361378,0.0,18.05350634894505,0.1,158.82149507049448,158.82149507049448,39.70537376762362,0.0
2168,-62369.760000924616,-62382.80301561315,0.0,30.300448699543328,0.1,148.49942857363004,148.49942857363004,37.12485714340751,0.0
2169,-64955.74451110609,-64970.229281820844,0.0,27.515451843118733,0.1,154.65653455025262,154.65653455025262,38.664133637563154,0.0
2170,-65942.8539231463,-65954.66643999383,0.0,19.850940757290775,0.1,157.00679505511022,157.00679505511022,39.251698763777554,0.0
2171,-65740.3915879637,-65754.15814732325,2.7755575615628914e-17,26.54523721516327,0.1,156.5247418761041,156.5247418761041,39.13118546902602,-8.260587980841938e-19
2172,-62911.8970725573,-62920.34019536269,0.0,23.82144377571666,0.1,149.79023112513644,149.79023112513644,37.44755778128411,0.0
2173,-66203.44662745451,-66209.05199503465,0.0,30.59622458782048,0.1,157.6272538748917,157.6272538748917,39.40681346872292,0.0
2174,-65258.44943811191,-65270.50488053603,0.0,32.263777725630916,0.1,155.37726056693313,155.37726056693313,38.84431514173328,0.0
2175,-64433.778162861134,-64464.06564136654,0.0,24.594770176391282,0.1,153.41375753062175,153.41375753062175,38.35343938265544,0.0
2176,-65358.90065358964,-65363.816166264165,2.7755575615628914e-17,14.570510611333313,0.1,155.61643012759438,155.61643012759438,38.904107531898596,-8.260587980841938e-19
2177,-65318.155953112015,-65318.435582381746,2.7755575615628914e-17,18.1308258755067,0.1,155.519418935981,155.519418935981,38.87985473399525,-8.260587980841938e-19
2178,-64976.03495925772,-65004.81965553233,2.7755575615628914e-17,25.57912293613473,0.1,154.7048451410898,154.7048451410898,38.67621128527245,-8.260587980841938e-19
2179,-68420.34228132032,-68439.23832656124,2.7755575615628914e-17,13.89789495532437,0.1,162.9055768602865,162.9055768602865,40.72639421507162,-8.260587980841938e-19
2180,-68279.29297453287,-68282.3133102407,0.0,29.435398882231436,0.1,162.56974517745923,162.56974517745923,40.642436294364806,0.0
2181,-65456.9908793281,-65474.85862045192,0.0,24.263973606572012,0.1,155.84997828411454,155.84997828411454,38.962494571028635,0.0
2182,-66046.20066206924,-66066.84908565524,0.0,33.17898903067908,0.1,157.25285871921247,157.25285871921247,39.31321467980312,0.0
2183,-65859.41025177795,-65872.19982714258,0.0,25.346849013290345,0.1,156.80811964709036,156.80811964709036,39.20202991177259,0.0
2184,-65026.538033206336,-65043.46400239365,2.7755575615628914e-17,36.96054817636996,0.1,154.8250905552532,154.8250905552532,38.7062726388133,-8.260587980841938e-19
2185,-65102.42104985655,-65096.427487212364,0.0,28.41611507394404,0.1,155.00576440442038,155.00576440442038,38.751441101105094,0.0
2186,-65937.66943998174,-65951.52141749415,0.0,27.833858630920897,0.1,156.99445104757555,156.99445104757555,39.24861276189389,0.0
2187,-65785.36859584104,-65793.79487030109,0.0,24.75517484570775,0.1,156.6318299900977,156.6318299900977,39.15795749752443,0.0
2188,-66336.86591218098,-66358.98001797563,0.0,40.5645510052192,0.1,157.94491883852615,157.94491883852615,39.48622970963154,0.0
2189,-64610.66104706633,-64633.74140896035,0.0,20.759672009847456,0.1,153.83490725491984,153.83490725491984,38.45872681372996,0.0
2190,-66255.64250933191,-66266.40491251169,0.0,22.73292945808073,0.1,157.75152978412362,157.75152978412362,39.437882446030905,0.0
2191,-63817.73450516521,-63814.77807343891,0.0,23.349549041492814,0.1,151.94698691706003,151.94698691706003,37.98674672926501,0.0
2192,-65375.467804743814,-65397.79609556203,2.7755575615628914e-17,18.628839404616024,0.1,155.65587572558053,155.65587572558053,38.91396893139513,-8.260587980841938e-19
2193,-64704.0953223459,-64729.5801488564,0.0,27.43887410542169,0.1,154.0573698151093,154.0573698151093,38.514342453777324,0.0
2194,-64775.758002758455,-64783.41566953874,0.0,24.292351813310763,0.1,154.227995244663,154.227995244663,38.55699881116575,0.0
2195,-65867.08400384756,-65898.06722192396,0.0,28.66773906752933,0.1,156.82639048535134,156.82639048535134,39.206597621337835,0.0
2196,-67741.5345903789,-67756.62242692788,0.0,23.811583415195077,0.1,161.28936807233072,161.28936807233072,40.32234201808268,0.0
2197,-65371.775312645084,-65387.5414033496,0.0,22.44118221028848,0.1,155.6470840777264,155.6470840777264,38.9117710194316,0.0
2198,-65948.44184949492,-65942.39435443773,0.0,35.210889552673656,0.1,157.02009964165458,157.02009964165458,39.255024910413646,0.0
2199,-64714.07912987399,-64730.63237986599,0.0,26.990736325612687,0.1,154.08114078541428,154.08114078541428,38.52028519635357,0.0
2200,-64295.723339492586,-64310.14426199382,5.551115123125783e-17,21.32441599637706,0.1,153.08505557022045,153.08505557022045,38.27126389255511,-1.6521175961683876e-18
2201,-63614.24307273872,-63627.38382792923,0.0,17.003026189028443,0.1,151.46248350652075,151.46248350652075,37.86562087663019,0.0
2202,-65570.09512946029,-65607.86599444081,2.7755575615628914e-17,18.827440007888022,0.1,156.1192741177626,156.1192741177626,39.02981852944065,-8.260587980841938e-19
2203,-65020.59329620636,-65025.27363336789,2.7755575615628914e-17,22.798703978067998,0.1,154.81093641953896,154.81093641953896,38.70273410488474,-8.260587980841938e-19
2204,-64903.31164068953,-64931.19239793805,0.0,25.07254499631327,0.1,154.53169438259414,154.53169438259414,38.632923595648535,0.0
2205,-63727.07423273903,-63729.71287477873,0.0,31.271691803786698,0.1,151.7311291255691,151.7311291255691,37.93278228139228,0.0
2206,-64420.50300578319,-64442.81301205105,2.7755575615628914e-17,27.692174786082262,0.1,153.38215001376952,153.38215001376952,38.34553750344238,-8.260587980841938e-19
2207,-65245.76699480106,-65267.92433721277,0.0,36.97180950291225,0.1,155.34706427333586,155.34706427333586,38.836766068333965,0.0
2208,-64044.3017805556,-64081.152729505964,2.7755575615628914e-17,21.56642328498352,0.1,152.48643281084668,152.48643281084668,38.12160820271167,-8.260587980841938e-19
2209,-64148.78045879167,-64180.019308719784,0.0,26.9158409487945,0.1,152.73519156855158,152.73519156855158,38.183797892137896,0.0
2210,-64196.65004393177,-64216.64100209314,2.7755575615628914e-17,16.538645841783357,0.1,152.8491667712661,152.8491667712661,38.21229169281653,-8.260587980841938e-19
2211,-64532.971463937894,-64546.26760628401,0.0,20.935882048317175,0.1,153.649932056995,153.649932056995,38.41248301424875,0.0
2212,-63823.29872472085,-63846.579312869784,0.0,30.355402502014023,0.1,151.96023505885918,151.96023505885918,37.990058764714796,0.0
2213,-66649.44008835495,-66643.69522484479,0.0,24.88982567997865,0.1,158.6891430675118,158.6891430675118,39.67228576687795,0.0
2214,-64064.268967275064,-64090.487582323,2.7755575615628914e-17,24.066605188432774,0.1,152.5339737316073,152.5339737316073,38.13349343290182,-8.260587980841938e-19
2215,-62740.801955352916,-62763.09259180294,0.0,26.755827338135422,0.1,149.38286179845932,149.38286179845932,37.34571544961483,0.0
2216,-64501.84412203436,-64520.26072435389,0.0,23.643425109658512,0.1,153.57581933817704,153.57581933817704,38.39395483454426,0.0
2217,-64933.9699372312,-64936.80412918985,0.0,19.392349262874863,0.1,154.60469032674095,154.60469032674095,38.65117258168524,0.0
2218,-66896.6248126549,-66918.71833779945,0.0,25.097291277594415,0.1,159.27767812536882,159.27767812536882,39.819419531342206,0.0
2219,-65064.493717919504,-65078.10859547343,0.0,22.880549788388237,0.1,154.91546123314168,154.91546123314168,38.72886530828542,0.0
2220,-64566.99516729541,-64578.943278840605,2.7755575615628914e-17,30.234558972440695,0.1,153.7309408745129,153.7309408745129,38.432735218628224,-8.260587980841938e-19
2221,-64963.95555016976,-64975.60310935108,0.0,18.294676433492157,0.1,154.67608464326136,154.67608464326136,38.66902116081534,0.0
2222,-66332.98321088566,-66355.41972864106,2.7755575615628914e-17,23.975616680676413,0.1,157.93567431163254,157.93567431163254,39.483918577908135,-8.260587980841938e-19
2223,-64169.69804952153,-64185.01200817686,0.0,33.03789153199755,0.1,152.78499535600366,152.78499535600366,38.196248839000916,0.0
2224,-65151.26973224568,-65166.06412667217,0.0,26.445918365593627,0.1,155.12207079106116,155.12207079106116,38.78051769776529,0.0
2225,-64280.42486737118,-64283.635632458194,0.0,23.9016527382452,0.1,153.04863063659806,153.04863063659806,38.262157659149516,0.0
2226,-63661.0165191773,-63682.111779629384,0.0,17.223131330793787,0.1,151.57384885518405,151.57384885518405,37.89346221379601,0.0
2227,-65166.57551845974,-65183.58396939089,0.0,25.50395536322403,0.1,155.15851313918986,155.15851313918986,38.789628284797466,0.0
2228,-63313.440047709504,-63328.85292226538,0.0,30.185794493291215,0.1,150.74628582787977,150.74628582787977,37.68657145696994,0.0
2229,-64996.284824119866,-65014.62920926835,2.7755575615628914e-17,32.39035949178222,0.1,154.7530591050473,154.7530591050473,38.688264776261825,-8.260587980841938e-19
2230,-66743.4427579907,-66748.50686283477,0.0,25.67962283609174,0.1,158.9129589475969,158.9129589475969,39.728239736899226,0.0
2231,-67565.61895939894,-67581.46362726284,0.0,19.6537275312246,0.1,160.87052133190224,160.87052133190224,40.21763033297556,0.0
2232,-65933.93195648247,-65958.49490650339,2.7755575615628914e-17,36.62336652926409,0.1,156.98555227733922,156.98555227733922,39.246388069334806,-8.260587980841938e-19
2233,-65320.81614278379,-65335.646082038955,0.0,27.525105441368837,0.1,155.5257527209138,155.5257527209138,38.88143818022845,0.0
2234,-66625.00334516482,-66640.84852992298,0.0,21.432076650464122,0.1,158.63096034563054,158.63096034563054,39.657740086407635,0.0
2235,-65889.3744882577,-65886.16688547969,0.0,21.471132584523176,0.1,156.87946306728026,156.87946306728026,39.219865766820064,0.0
2236,-64359.27437151691,-64360.354787707394,0.0,33.52051039029559,0.1,153.23636755123076,153.23636755123076,38.30909188780769,0.0
2237,-65427.37439527241,-65441.22329833318,2.7755575615628914e-17,23.270403354764145,0.1,155.7794628458867,155.7794628458867,38.94486571147168,-8.260587980841938e-19
2238,-66702.1881287549,-66726.07966700278,0.0,19.39124448572056,0.1,158.81473363989264,158.81473363989264,39.70368340997316,0.0
2239,-65858.64615360054,-65865.9775132205,0.0,25.340361346243107,0.1,156.80630036571557,156.80630036571557,39.20157509142889,0.0
2240,-65119.570446405734,-65144.85813631997,0.0,27.50842522584394,0.1,155.04659630096606,155.04659630096606,38.761649075241515,0.0
2241,-64647.10223169691,-64664.58548312207,0.0,25.39058867618008,0.1,153.92167198023077,153.92167198023077,38.48041799505769,0.0
2242,-67310.74903319118,-67329.75139174645,0.0,26.008264525646272,0.1,160.26368817426473,160.26368817426473,40.06592204356618,0.0
2243,-64701.32104595401,-64706.021323206245,0.0,25.230396108165756,0.1,154.05076439512862,154.05076439512862,38.512691098782156,0.0
2244,-64788.825074723674,-64793.0881881345,0.0,25.40541271450412,0.1,154.25910732077068,154.25910732077068,38.56477683019267,0.0
2245,-65464.75706523876,-65474.95058582388,0.0,37.696908113914304,0.1,155.86846920294943,155.86846920294943,38.96711730073736,0.0
2246,-64914.17107150063,-64928.77212766311,0.0,17.978802168692056,0.1,154.5575501702396,154.5575501702396,38.6393875425599,0.0
2247,-65886.39458373167,-65900.05278162491,0.0,27.59679372818944,0.1,156.87236805650397,156.87236805650397,39.21809201412599,0.0
2248,-64756.56466987382,-64788.29830933535,0.0,22.05273800030641,0.1,154.18229683303292,154.18229683303292,38.54557420825823,0.0
2249,-64844.20745216663,-64843.383172426395,0.0,29.084185057154905,0.1,154.39097012420626,154.39097012420626,38.597742531051566,0.0
2250,-64609.08812471756,-64610.28213765856,0.0,22.819222792462575,0.1,153.83116220170848,153.83116220170848,38.45779055042712,0.0
2251,-64963.70475217136,-64976.12854731625,0.0,24.65183273349946,0.1,154.6754875051699,154.6754875051699,38.66887187629248,0.0
2252,-63427.72543943148,-63449.617084002224,0.0,21.58182858856806,0.1,151.0183939034083,151.0183939034083,37.75459847585208,0.0
2253,-66484.16949094598,-66496.43219842431,0.0,24.928648235253057,0.1,158.29564164510947,158.29564164510947,39.57391041127737,0.0
2254,-66054.8525552156,-66071.3485347908,0.0,25.489135873539613,0.1,157.27345846479906,157.27345846479906,39.318364616199766,0.0
2255,-66093.35823407971,-66112.71829183194,0.0,29.219197548208687,0.1,157.36513865257075,157.36513865257075,39.34128466314269,0.0
2256,-65152.728555910006,-65171.65489706652,0.0,27.267927617546093,0.1,155.1255441807381,155.1255441807381,38.781386045184526,0.0
2257,-65179.70795250042,-65178.88572083296,0.0,25.251138495828403,0.1,155.18978083928673,155.18978083928673,38.79744520982168,0.0
2258,-64232.638102801364,-64252.43317828138,0.0,28.64470597285225,0.1,152.93485262571753,152.93485262571753,38.23371315642938,0.0
2259,-62580.90173542587,-62588.97822768353,0.0,21.704803625556774,0.1,149.0021469891092,149.0021469891092,37.2505367472773,0.0
2260,-64206.03285239132,-64215.29184563849,0.0,27.682069499456716,0.1,152.8715067914079,152.8715067914079,38.21787669785198,0.0
2261,-63486.31342966092,-63511.65224021016,0.0,22.96269946354199,0.1,151.1578891182403,151.1578891182403,37.78947227956007,0.0
2262,-64070.821702258654,-64094.90132539492,0.0,25.61739904582297,0.1,152.5495754815682,152.5495754815682,38.13739387039205,0.0
2263,-64466.96075813289,-64480.71790036126,0.0,23.943078850910155,0.1,153.4927637098402,153.4927637098402,38.37319092746005,0.0
2264,-64000.78465716297,-64023.25077080899,0.0,26.62788908393535,0.1,152.3828206122928,152.3828206122928,38.0957051530732,0.0
2265,-63844.03920111059,-63881.797455387066,0.0,20.738876785013378,0.1,152.0096171455014,152.0096171455014,38.00240428637535,0.0
2266,-64129.14595911721,-64149.32697613751,0.0,22.353994950942436,0.1,152.68844275980288,152.68844275980288,38.17211068995072,0.0
2267,-62728.64983190059,-62734.95696203071,2.7755575615628914e-17,24.94566431482514,0.1,149.35392817119188,149.35392817119188,37.33848204279797,-8.260587980841938e-19
2268,-62612.63220490162,-62629.005729695695,2.7755575615628914e-17,39.59086777530047,0.1,149.07769572595626,149.07769572595626,37.269423931489065,-8.260587980841938e-19
2269,-62293.782316461045,-62306.94085830422,0.0,19.349106352576584,0.1,148.31852932490725,148.31852932490725,37.07963233122681,0.0
2270,-65504.79287715397,-65522.52298432891,0.0,14.626799812268159,0.1,155.9637925646523,155.9637925646523,38.990948141163074,0.0
2271,-64652.8515663211,-64666.931998495056,0.0,25.080126411475803,0.1,153.93536087219312,153.93536087219312,38.48384021804828,0.0
2272,-63518.87148864282,-63541.81749247227,0.0,29.868111247139232,0.1,151.23540830629244,151.23540830629244,37.80885207657311,0.0
2273,-63755.70936082226,-63765.67366463318,2.7755575615628914e-17,24.246929926850335,0.1,151.79930800195774,151.79930800195774,37.949827000489435,-8.260587980841938e-19
2274,-64884.401737887245,-64891.74052958114,2.7755575615628914e-17,19.35968722596153,0.1,154.48667080449346,154.48667080449346,38.621667701123364,-8.260587980841938e-19
2275,-64878.02452269484,-64896.123470488645,0.0,18.632072257017004,0.1,154.47148695879724,154.47148695879724,38.61787173969931,0.0
2276,-63303.10181818071,-63313.95554917499,2.7755575615628914e-17,20.024130200503812,0.1,150.72167099566838,150.72167099566838,37.680417748917094,-8.260587980841938e-19
2277,-65305.360505814984,-65325.85733767789,0.0,34.00715049633244,0.1,155.48895358527378,155.48895358527378,38.872238396318444,0.0
2278,-63983.49436834537,-63985.478488517336,0.0,15.734907585512154,0.1,152.34165325796516,152.34165325796516,38.08541331449129,0.0
2279,-64533.37992800303,-64547.13105914953,0.0,25.07848897978879,0.1,153.6509045904834,153.6509045904834,38.41272614762085,0.0
2280,-64196.72642189495,-64213.91301496252,0.0,22.768397423828276,0.1,152.84934862355942,152.84934862355942,38.212337155889855,0.0
2281,-64488.62667928507,-64501.62028629682,0.0,26.83755205270301,0.1,153.54434923639306,153.54434923639306,38.386087309098265,0.0
2282,-62850.97076222965,-62876.37507115609,0.0,15.224756148408586,0.1,149.64516848149918,149.64516848149918,37.411292120374796,0.0
2283,-65389.955572165105,-65401.26617777479,0.0,26.069043969705316,0.1,155.69037040991694,155.69037040991694,38.922592602479234,0.0
2284,-62437.328477818155,-62443.14871677205,0.0,33.6558481588365,0.1,148.66030589956705,148.66030589956705,37.16507647489176,0.0
2285,-65025.828450095905,-65034.47435129362,0.0,24.793536564963585,0.1,154.82340107165692,154.82340107165692,38.70585026791423,0.0
2286,-63679.627184500096,-63700.18740546852,0.0,22.043576055990528,0.1,151.61815996309548,151.61815996309548,37.90453999077387,0.0
2287,-65018.89717185178,-65015.43144137374,0.0,22.856727365417335,0.1,154.80689802821854,154.80689802821854,38.701724507054635,0.0
2288,-64578.06502121916,-64603.35942677843,0.0,23.315524366074307,0.1,153.75729766956943,153.75729766956943,38.439324417392356,0.0
2289,-63378.93712970774,-63385.47278669315,0.0,29.628361047513607,0.1,150.9022312612089,150.9022312612089,37.725557815302224,0.0
2290,-63940.740307727734,-63952.432558767505,0.0,22.449195931748914,0.1,152.23985787554224,152.23985787554224,38.05996446888556,0.0
2291,-64217.87894996655,-64234.37351086318,5.551115123125783e-17,28.853751048093937,0.1,152.89971178563465,152.89971178563465,38.22492794640866,-1.6521175961683876e-18
2292,-62420.7108961227,-62459.52803144002,0.0,29.136180538287114,0.1,148.62074022886358,148.62074022886358,37.155185057215895,0.0
2293,-63789.996848376926,-63816.59524804081,0.0,22.470169005060722,0.1,151.88094487708793,151.88094487708793,37.97023621927198,0.0
2294,-64417.43487582297,-64422.17619476328,0.0,25.311656748095615,0.1,153.37484494243566,153.37484494243566,38.343711235608914,0.0
2295,-64800.60262237425,-64816.67432152685,0.0,19.607436293177013,0.1,154.28714910089107,154.28714910089107,38.57178727522277,0.0
2296,-64916.368213780224,-64929.61526848118,0.0,26.996588008595655,0.1,154.5627814613815,154.5627814613815,38.64069536534537,0.0
2297,-64284.62715612137,-64303.23109007155,0.0,27.521439266921362,0.1,153.05863608600328,153.05863608600328,38.26465902150082,0.0
2298,-66943.62392690484,-66961.53357420622,0.0,22.464956703649722,0.1,159.38958077834485,159.38958077834485,39.84739519458621,0.0
2299,-65926.57257714443,-65936.43357087794,0.0,19.005243010030618,0.1,156.96802994558197,156.96802994558197,39.242007486395494,0.0
2300,-64880.90617278388,-64913.753923175726,0.0,25.067251823096466,0.1,154.47834803043781,154.47834803043781,38.619587007609454,0.0
2301,-66439.05174647545,-66451.8032159175,0.0,20.356039592737705,0.1,158.18821844398917,158.18821844398917,39.54705461099729,0.0
2302,-65153.47887876555,-65197.835457788824,0.0,19.63335983888552,0.1,155.12733066372752,155.12733066372752,38.78183266593188,0.0
2303,-66861.4272092973,-66872.13873004123,0.0,27.079184181430303,0.1,159.1938743078507,159.1938743078507,39.79846857696268,0.0
2304,-66101.45686758886,-66122.4589972463,0.0,29.789660276078422,0.1,157.38442111330681,157.38442111330681,39.346105278326704,0.0
2305,-66363.24600743523,-66396.32209251291,0.0,27.53078827730356,0.1,158.0077285891315,158.0077285891315,39.50193214728287,0.0
2306,-63711.665771210945,-63716.10546321128,0.0,23.715274374391093,0.1,151.694442312407,151.694442312407,37.92361057810175,0.0
2307,-67422.47629449815,-67440.5546182233,0.0,35.34113020752912,0.1,160.52970546309083,160.52970546309083,40.13242636577271,0.0
2308,-65159.40873392385,-65160.4306791396,0.0,31.012882526126138,0.1,155.14144936648535,155.14144936648535,38.78536234162134,0.0
2309,-65101.762714459815,-65118.56185815528,0.0,29.189152676147405,0.1,155.00419693919005,155.00419693919005,38.75104923479751,0.0
2310,-64549.71670769304,-64563.696760526684,0.0,20.787836849368368,0.1,153.68980168498342,153.68980168498342,38.422450421245856,0.0
2311,-65264.92047374855,-65287.42920154256,0.0,28.272155135528106,0.1,155.3926677946394,155.3926677946394,38.84816694865985,0.0
2312,-64385.6172369754,-64410.33780663279,0.0,24.933476823106822,0.1,153.29908865946524,153.29908865946524,38.32477216486631,0.0
2313,-63691.41045162967,-63700.412231396476,0.0,17.206065024880793,0.1,151.64621536102302,151.64621536102302,37.911553840255756,0.0
2314,-64415.736344837955,-64438.93007751935,0.0,27.11944741221993,0.1,153.37080082104276,153.37080082104276,38.34270020526069,0.0
2315,-64473.645545849795,-64478.98771952115,0.0,22.307131633516878,0.1,153.50867987107094,153.50867987107094,38.377169967767735,0.0
2316,-65756.86175074619,-65767.19416262668,0.0,17.58507784008791,0.1,156.5639565493957,156.5639565493957,39.140989137348924,0.0
2317,-64085.88899076541,-64092.712166799356,0.0,19.33084821596823,0.1,152.5854499780129,152.5854499780129,38.14636249450322,0.0
2318,-64465.937980840965,-64476.81319072209,2.7755575615628914e-17,21.306512508352185,0.1,153.49032852581183,153.49032852581183,38.37258213145296,-8.260587980841938e-19
2319,-62714.25812241978,-62712.98807321111,0.0,35.11295115284741,0.1,149.31966219623757,149.31966219623757,37.32991554905939,0.0
2320,-65277.50807860553,-65305.033485915825,0.0,21.104902892400073,0.1,155.42263828239413,155.42263828239413,38.85565957059853,0.0
2321,-61987.1684763834,-62004.89269034994,0.0,27.087325449106476,0.1,147.58849637234144,147.58849637234144,36.89712409308536,0.0
2322,-63604.56741427689,-63631.47827282463,0.0,20.906974866699606,0.1,151.4394462244688,151.4394462244688,37.8598615561172,0.0
2323,-64795.7042096909,-64821.62527753072,0.0,22.260473478965324,0.1,154.27548621354975,154.27548621354975,38.56887155338744,0.0
2324,-65107.496740276,-65109.13811623432,0.0,28.62068279657249,0.1,155.01784938160952,155.01784938160952,38.75446234540238,0.0
2325,-65395.56823104694,-65423.47581528817,0.0,37.939544867653424,0.1,155.7037338834451,155.7037338834451,38.925933470861274,0.0
2326,-65591.98348011657,-65594.98622746566,0.0,28.494598425403943,0.1,156.1713892383728,156.1713892383728,39.0428473095932,0.0
2327,-65080.32808476523,-65091.23007232729,0.0,28.916793552620156,0.1,154.95316210658387,154.95316210658387,38.73829052664597,0.0
2328,-66358.3527512219,-66358.64785570958,0.0,18.68615112150718,0.1,157.99607797909977,157.99607797909977,39.49901949477494,0.0
2329,-64928.09642531142,-64935.337677079755,0.0,25.39482022834042,0.1,154.590705774551,154.590705774551,38.64767644363775,0.0
2330,-64322.1385256875,-64330.72771302212,0.0,28.295271719567097,0.1,153.14794887068453,153.14794887068453,38.28698721767113,0.0
2331,-63422.05643741716,-63447.32538359974,0.0,27.997887706226777,0.1,151.00489627956466,151.00489627956466,37.751224069891165,0.0
2332,-62235.0468097685,-62266.23468616511,0.0,27.079133147276714,0.1,148.1786828804012,148.1786828804012,37.0446707201003,0.0
2333,-63190.53233437565,-63193.36336727225,0.0,31.8168825676917,0.1,150.45364841518014,150.45364841518014,37.613412103795035,0.0
2334,-64925.45991331933,-64934.40835096328,0.0,29.55209249842785,0.1,154.58442836504605,154.58442836504605,38.64610709126151,0.0
2335,-65381.60217615809,-65412.33951832364,0.0,27.283440053651997,0.1,155.67048137180498,155.67048137180498,38.917620342951246,0.0
2336,-64446.52770755989,-64446.566119428244,0.0,20.40893916745104,0.1,153.44411358942833,153.44411358942833,38.36102839735708,0.0
2337,-64471.748608720285,-64499.97605338914,0.0,24.154386571785917,0.1,153.50416335409594,153.50416335409594,38.376040838523984,0.0
2338,-64758.48130092762,-64774.27703627704,0.0,28.794122080818045,0.1,154.18686024030387,154.18686024030387,38.54671506007597,0.0
2339,-63789.60244249876,-63811.56567111956,0.0,26.393999061927303,0.1,151.88000581547325,151.88000581547325,37.97000145386831,0.0
2340,-63432.409686977386,-63445.323003265185,0.0,23.436657771338215,0.1,151.0295468737557,151.0295468737557,37.75738671843892,0.0
2341,-64715.15510952662,-64738.73409777953,2.7755575615628914e-17,27.767847655338965,0.1,154.08370264173004,154.08370264173004,38.52092566043251,-8.260587980841938e-19
2342,-64698.89712451758,-64711.3241245114,0.0,30.410561564965704,0.1,154.0449931536133,154.0449931536133,38.51124828840332,0.0
2343,-65006.37056807906,-65020.08022692776,2.7755575615628914e-17,20.741689128328034,0.1,154.77707278114062,154.77707278114062,38.694268195285154,-8.260587980841938e-19
2344,-63653.69726838807,-63661.10756139903,0.0,20.10629581845117,0.1,151.55642206759063,151.55642206759063,37.88910551689766,0.0
2345,-65424.652597234424,-65436.92849706839,0.0,31.168621391680965,0.1,155.77298237436767,155.77298237436767,38.94324559359192,0.0
2346,-63978.73051646611,-63985.6795646558,0.0,25.942378805090513,0.1,152.33031075349075,152.33031075349075,38.08257768837269,0.0
2347,-62815.39688715431,-62823.82999369804,0.0,23.698454793642814,0.1,149.56046877893883,149.56046877893883,37.39011719473471,0.0
2348,-63373.40487692224,-63373.30446480239,0.0,23.897308854217314,0.1,150.88905923076726,150.88905923076726,37.722264807691815,0.0
2349,-64342.42506388191,-64355.488010083856,0.0,27.701439720178477,0.1,153.1962501520998,153.1962501520998,38.29906253802495,0.0
2350,-65157.268482676816,-65174.50129180937,0.0,19.008039375239775,0.1,155.1363535301829,155.1363535301829,38.784088382545725,0.0
2351,-64474.05527772236,-64499.89726016279,0.0,26.05151520110998,0.1,153.50965542314847,153.50965542314847,38.37741385578712,0.0
2352,-64641.4335189598,-64658.41745413157,0.0,24.954088233074305,0.1,153.9081750451424,153.9081750451424,38.4770437612856,0.0
2353,-65450.242828145,-65460.06525367277,0.0,26.08901169874363,0.1,155.83391149558332,155.83391149558332,38.95847787389583,0.0
2354,-63408.14207092159,-63427.897955280874,0.0,16.265521543272225,0.1,150.9717668355276,150.9717668355276,37.7429417088819,0.0
2355,-63228.15098259459,-63237.76337422113,0.0,23.725265147982054,0.1,150.54321662522523,150.54321662522523,37.63580415630631,0.0
2356,-63185.44857752305,-63203.01028357999,0.0,30.96655502963563,0.1,150.44154423219774,150.44154423219774,37.610386058049436,0.0
2357,-64103.63587218143,-64110.918464035465,0.0,22.51019076591079,0.1,152.62770445757485,152.62770445757485,38.15692611439371,0.0
2358,-64521.488475177284,-64531.363134070816,0.0,20.992362049477293,0.1,153.62259160756497,153.62259160756497,38.40564790189124,0.0
2359,-64363.6174424356,-64375.14557748448,0.0,28.854011099939857,0.1,153.24670819627525,153.24670819627525,38.31167704906881,0.0
2360,-63334.107515272706,-63338.569160319064,0.0,27.139071975764516,0.1,150.79549408398265,150.79549408398265,37.69887352099566,0.0
2361,-63766.940527452476,-63764.92150515229,0.0,22.19331001778897,0.1,151.82604887488685,151.82604887488685,37.95651221872171,0.0
2362,-64793.16812420229,-64804.87323120011,0.0,33.37429836457032,0.1,154.26944791476737,154.26944791476737,38.56736197869184,0.0
2363,-65360.021191602566,-65372.27316855504,0.0,13.993782632745408,0.1,155.6190980752442,155.6190980752442,38.90477451881105,0.0
2364,-64876.65934390031,-64871.6704548317,0.0,25.170147931733403,0.1,154.468236533096,154.468236533096,38.617059133274,0.0
2365,-63412.89335445671,-63434.03106301461,0.0,26.877279288136265,0.1,150.98307941537314,150.98307941537314,37.745769853843285,0.0
2366,-65718.69160900004,-65735.36731005805,0.0,30.811297987528334,0.1,156.47307525952394,156.47307525952394,39.118268814880985,0.0
2367,-66111.60117465614,-66121.20526244877,0.0,29.474552780134125,0.1,157.40857422537178,157.40857422537178,39.352143556342945,0.0
2368,-65185.74341319231,-65184.42326434204,0.0,20.47526083530967,0.1,155.2041509837912,155.2041509837912,38.8010377459478,0.0
2369,-65448.83594191909,-65445.76552796977,0.0,23.62577349665104,0.1,155.83056176647403,155.83056176647403,38.95764044161851,0.0
2370,-63971.85555787361,-63986.39294570095,5.551115123125783e-17,25.5705074611326,0.1,152.313941804461,152.313941804461,38.07848545111525,-1.6521175961683876e-18
2371,-63922.09821963967,-63937.71705316854,0.0,20.36223334594136,0.1,152.19547195152305,152.19547195152305,38.04886798788076,0.0
2372,-63604.922689168474,-63618.02028072434,0.0,17.51276665697126,0.1,151.4402921170678,151.4402921170678,37.86007302926695,0.0
2373,-63102.946128975906,-63131.57841872723,0.0,23.481869635509995,0.1,150.24510983089502,150.24510983089502,37.561277457723754,0.0
2374,-64454.907274442194,-64465.01841325175,0.0,32.944701642220416,0.1,153.46406493914807,153.46406493914807,38.36601623478702,0.0
2375,-64807.43977199155,-64810.01730665606,0.0,19.372064429840155,0.1,154.30342802855134,154.30342802855134,38.575857007137834,0.0
2376,-65725.68161288594,-65729.71940963726,0.0,24.66064309150259,0.1,156.4897181259189,156.4897181259189,39.122429531479725,0.0
2377,-65995.10716856415,-66014.42348486053,0.0,28.69837734058917,0.1,157.13120754420038,157.13120754420038,39.282801886050095,0.0
2378,-65494.6655556913,-65535.38550886625,0.0,13.75283772899618,0.1,155.93967989450312,155.93967989450312,38.98491997362578,0.0
2379,-67026.18183811143,-67047.26919400267,2.7755575615628914e-17,22.214347137138844,0.1,159.58614723359864,159.58614723359864,39.89653680839966,-8.260587980841938e-19
2380,-64256.50252662515,-64265.63837513626,0.0,21.90113935873061,0.1,152.99167268244085,152.99167268244085,38.24791817061021,0.0
2381,-64053.62218136294,-64059.53448465486,0.0,33.422624173017255,0.1,152.50862424134033,152.50862424134033,38.12715606033508,0.0
2382,-64144.24181484341,-64167.66478811355,0.0,25.115979892786875,0.1,152.7243852734367,152.7243852734367,38.181096318359174,0.0
2383,-63556.14637115244,-63584.65652867731,0.0,17.437355173505622,0.1,151.32415802655345,151.32415802655345,37.83103950663836,0.0
2384,-64797.12429546606,-64798.81724415276,0.0,14.110161339026561,0.1,154.2788673701573,154.2788673701573,38.56971684253932,0.0
2385,-64206.21854566245,-64214.22440026122,0.0,25.808492633523766,0.1,152.87194891824393,152.87194891824393,38.21798722956098,0.0
2386,-63465.78458138404,-63481.81316716336,2.7755575615628914e-17,25.746709555299404,0.1,151.10901090805723,151.10901090805723,37.77725272701431,-8.260587980841938e-19
2387,-63158.4985031881,-63159.38793487744,0.0,29.01577371307011,0.1,150.3773773885431,150.3773773885431,37.594344347135774,0.0
2388,-63958.432507644495,-63975.82878282689,2.7755575615628914e-17,28.665271407329993,0.1,152.28198216105835,152.28198216105835,38.07049554026459,-8.260587980841938e-19
2389,-65642.41283204648,-65638.48521027058,0.0,26.55745429398895,0.1,156.2914591239202,156.2914591239202,39.07286478098005,0.0
2390,-62905.442870168816,-62908.56521776964,0.0,23.013383737243192,0.1,149.77486397659243,149.77486397659243,37.44371599414811,0.0
2391,-64282.376161567525,-64302.71981055389,0.0,25.455468031279565,0.1,153.05327657516077,153.05327657516077,38.26331914379019,0.0
2392,-63443.34833240689,-63449.8329326091,0.0,25.03136578092209,0.1,151.05559126763546,151.05559126763546,37.763897816908866,0.0
2393,-61915.0622425982,-61914.74688944576,0.0,30.75133697949148,0.1,147.41681486332905,147.41681486332905,36.85420371583226,0.0
2394,-64145.6339596304,-64158.58111943544,0.0,30.59274972127663,0.1,152.72769990388193,152.72769990388193,38.18192497597048,0.0
2395,-66334.84306275079,-66344.57774587983,0.0,22.382120057967086,0.1,157.94010253035904,157.94010253035904,39.48502563258976,0.0
2396,-64343.93177721967,-64351.28990935329,0.0,29.38086965846538,0.1,153.19983756480875,153.19983756480875,38.29995939120219,0.0
2397,-64476.21001968991,-64484.115708116624,0.0,28.222977162075882,0.1,153.51478576116648,153.51478576116648,38.37869644029162,0.0
2398,-62292.38052747441,-62303.55600349772,0.0,15.120183500541902,0.1,148.31519173208193,148.31519173208193,37.07879793302048,0.0
2399,-63674.14625290202,-63683.44311222416,0.0,19.104458928185757,0.1,151.6051101259572,151.6051101259572,37.9012775314893,0.0
2400,-63333.28957497961,-63348.628602216435,0.0,19.047961321627547,0.1,150.7935466070943,150.7935466070943,37.698386651773575,0.0
2401,-64104.28555163572,-64128.545302642866,0.0,24.544620698234866,0.1,152.6292513134184,152.6292513134184,38.1573128283546,0.0
2402,-63714.973670164596,-63728.197710217006,0.0,28.279460688937913,0.1,151.70231826229667,151.70231826229667,37.92557956557417,0.0
2403,-63523.60409380075,-63548.24316314151,0.0,24.89950624115174,0.1,151.24667641381131,151.24667641381131,37.81166910345283,0.0
2404,-63790.561289066,-63797.84928607051,0.0,16.130151919439353,0.1,151.88228878349048,151.88228878349048,37.97057219587262,0.0
2405,-64450.49626978019,-64458.63577220984,0.0,21.913938766760193,0.1,153.45356254709571,153.45356254709571,38.36339063677393,0.0
2406,-63729.62339604311,-63745.69397057303,0.0,23.274265594309863,0.1,151.73719856200742,151.73719856200742,37.934299640501855,0.0
2407,-64171.68259910715,-64193.561928827665,0.0,21.935083643646553,0.1,152.78972047406464,152.78972047406464,38.19743011851616,0.0
2408,-63167.20361423906,-63181.63320257053,0.0,30.919937215984447,0.1,150.39810384342633,150.39810384342633,37.59952596085658,0.0
2409,-62609.71639695868,-62628.13464909823,0.0,24.699812291557176,0.1,149.0707533260921,149.0707533260921,37.267688331523026,0.0
2410,-64773.78703870101,-64782.76759428166,0.0,21.833843016425114,0.1,154.22330247309765,154.22330247309765,38.55582561827441,0.0
2411,-63836.52475427525,-63843.01862174573,0.0,22.294965671085503,0.1,151.99172560541726,151.99172560541726,37.997931401354315,0.0
2412,-63767.61755379419,-63790.174212181635,0.0,23.890558643538657,0.1,151.82766084236712,151.82766084236712,37.95691521059178,0.0
2413,-65846.63584000136,-65848.13810930755,0.0,33.84084646529892,0.1,156.77770438095564,156.77770438095564,39.19442609523891,0.0
2414,-63398.59604125099,-63416.79569316244,0.0,17.96528299743415,0.1,150.94903819345475,150.94903819345475,37.73725954836369,0.0
2415,-65811.45409600348,-65822.03560673106,0.0,25.55443191414209,0.1,156.6939383238178,156.6939383238178,39.17348458095445,0.0
2416,-64292.58543874047,-64324.63135967344,0.0,19.459437708705654,0.1,153.0775843779535,153.0775843779535,38.26939609448838,0.0
2417,-64240.988436966145,-64265.7488441597,5.551115123125783e-17,31.997432134861715,0.1,152.9547343737289,152.9547343737289,38.23868359343223,-1.6521175961683876e-18
2418,-66300.71088132502,-66309.42433827427,0.0,23.612431905698834,0.1,157.85883543172628,157.85883543172628,39.46470885793157,0.0
2419,-65097.48692775008,-65102.12383527634,0.0,23.982694294598474,0.1,154.99401649464303,154.99401649464303,38.74850412366076,0.0
2420,-63404.19639219313,-63418.8304924497,0.0,28.298249990411854,0.1,150.96237236236462,150.96237236236462,37.740593090591155,0.0
2421,-67518.57749635402,-67544.47933106423,0.0,21.259519676891763,0.1,160.75851784846196,160.75851784846196,40.18962946211549,0.0
2422,-65830.60316084762,-65825.92991020536,0.0,24.89377610361879,0.1,156.73953133535147,156.73953133535147,39.18488283383787,0.0
2423,-65073.4574570075,-65091.39283230718,0.0,26.24708843842521,0.1,154.93680346906547,154.93680346906547,38.73420086726637,0.0
2424,-64313.785891789,-64325.51915931391,0.0,25.623760498319673,0.1,153.12806164711668,153.12806164711668,38.28201541177917,0.0
2425,-64615.358448495725,-64645.51289657925,0.0,26.908670844812548,0.1,153.84609154403745,153.84609154403745,38.46152288600936,0.0
2426,-65085.52982561874,-65096.79614136871,0.0,22.49901091452002,0.1,154.96554720385416,154.96554720385416,38.74138680096354,0.0
2427,-64069.07404080485,-64082.37551722807,0.0,33.1836998091532,0.1,152.5454143828687,152.5454143828687,38.136353595717175,0.0
2428,-64296.03317273713,-64309.200165641865,0.0,24.90102827739646,0.1,153.08579326842175,153.08579326842175,38.27144831710544,0.0
2429,-64245.679351131075,-64255.856215421714,0.0,30.494916787209824,0.1,152.96590321697875,152.96590321697875,38.241475804244686,0.0
2430,-66061.00904041328,-66095.60741296073,0.0,27.25306524715694,0.1,157.28811676288876,157.28811676288876,39.32202919072219,0.0
2431,-65460.09829230774,-65475.92602134559,0.0,25.183914165871172,0.1,155.85737688644699,155.85737688644699,38.964344221611746,0.0
2432,-65074.59947224839,-65065.75640436053,0.0,28.725754321424088,0.1,154.93952255297236,154.93952255297236,38.73488063824309,0.0
2433,-64801.11979884647,-64817.46146300643,0.0,27.141710253303625,0.1,154.288380473444,154.288380473444,38.572095118361,0.0
2434,-62946.38764377113,-62954.27302183029,5.551115123125783e-17,23.07771560511454,0.1,149.8723515327884,149.8723515327884,37.4680878831971,-1.6521175961683876e-18
2435,-61604.059618212246,-61614.949368847214,0.0,30.108114920365196,0.1,146.6763324243149,146.6763324243149,36.66908310607872,0.0
2436,-64157.26401324276,-64168.47641487673,0.0,35.413301610548984,0.1,152.75539050772088,152.75539050772088,38.18884762693022,0.0
2437,-63965.83373541042,-63985.14235960057,0.0,18.621586700021343,0.1,152.29960413192958,152.29960413192958,38.074901032982396,0.0
2438,-64128.72371328513,-64142.43825035261,0.0,21.74162438921792,0.1,152.68743741258365,152.68743741258365,38.17185935314591,0.0
2439,-63379.590515241995,-63372.64669054379,0.0,32.99735470056895,0.1,150.90378694105237,150.90378694105237,37.72594673526309,0.0
2440,-66428.84447380557,-66450.87589922777,0.0,27.666036589496564,0.1,158.1639154138228,158.1639154138228,39.5409788534557,0.0
2441,-64049.048417417835,-64065.70245402083,0.0,18.089912156537814,0.1,152.49773432718533,152.49773432718533,38.12443358179633,0.0
2442,-63234.72294140243,-63244.88677000688,0.0,29.208903873920065,0.1,150.55886414619627,150.55886414619627,37.63971603654907,0.0
2443,-63272.00553168029,-63276.493331382466,0.0,12.341153418745932,0.1,150.64763221828642,150.64763221828642,37.661908054571605,0.0
2444,-63648.96037667866,-63661.68931660085,0.0,24.291212229862307,0.1,151.5451437539968,151.5451437539968,37.8862859384992,0.0
2445,-65693.46815236686,-65709.82378653101,0.0,28.64259321757268,0.1,156.41301941039728,156.41301941039728,39.10325485259932,0.0
2446,-65575.01725350395,-65596.39331162626,0.0,26.293849026219608,0.1,156.1309934607237,156.1309934607237,39.03274836518092,0.0
2447,-63645.51784708099,-63672.47316096186,2.7755575615628914e-17,17.405151095933427,0.1,151.53694725495475,151.53694725495475,37.88423681373869,-8.260587980841938e-19
2448,-65540.64079158894,-65560.68660973372,0.0,28.132691816684712,0.1,156.04914474187845,156.04914474187845,39.01228618546961,0.0
2449,-63558.380755064776,-63560.985132203976,0.0,17.485646956588052,0.1,151.3294779882495,151.3294779882495,37.83236949706237,0.0
2450,-65028.395111633974,-65035.93569036922,0.0,21.69229278742354,0.1,154.8295121705571,154.8295121705571,38.70737804263928,0.0
2451,-65736.68703290146,-65759.22122753649,5.551115123125783e-17,21.927306081544526,0.1,156.51592150690826,156.51592150690826,39.128980376727064,-1.6521175961683876e-18
2452,-65937.3341151563,-65943.7706299735,0.0,21.941831316527203,0.1,156.99365265513407,156.99365265513407,39.24841316378352,0.0
2453,-66030.98020646386,-66057.1665298054,0.0,25.06521687188476,0.1,157.21661953919968,157.21661953919968,39.30415488479992,0.0
2454,-66247.55382503617,-66260.7613147826,0.0,24.449972506494742,0.1,157.7322710119909,157.7322710119909,39.43306775299772,0.0
2455,-66119.38420127198,-66147.30480461525,0.0,21.25414136698379,0.1,157.42710524112377,157.42710524112377,39.35677631028094,0.0
2456,-68538.36995928164,-68566.52504219105,0.0,26.05248149460752,0.1,163.18659514114677,163.18659514114677,40.79664878528669,0.0
2457,-66651.52747646856,-66664.9232826488,0.0,37.50450248967141,0.1,158.69411303921086,158.69411303921086,39.673528259802715,0.0
2458,-65539.44999919835,-65543.89360430036,0.0,23.23157120216497,0.1,156.04630952190084,156.04630952190084,39.01157738047521,0.0
2459,-67588.79169946453,-67591.46738707289,0.0,29.762309852680847,0.1,160.9256945225346,160.9256945225346,40.23142363063365,0.0
2460,-65348.24314842034,-65380.13503775686,0.0,33.3496139070232,0.1,155.59105511528654,155.59105511528654,38.897763778821634,0.0
2461,-68532.52311770021,-68559.76260523168,0.0,24.01189766102017,0.1,163.17267408976244,163.17267408976244,40.79316852244061,0.0
2462,-68047.42307360467,-68058.77066382978,2.7755575615628914e-17,16.644151137529676,0.1,162.01767398477304,162.01767398477304,40.50441849619326,-8.260587980841938e-19
2463,-66841.13776298266,-66876.49649833448,0.0,27.34489039074234,0.1,159.14556610233967,159.14556610233967,39.78639152558492,0.0
2464,-68046.537294086,-68056.6177250373,0.0,31.64028444493484,0.1,162.01556498591904,162.01556498591904,40.50389124647976,0.0
2465,-67838.34176017166,-67843.61411500406,0.0,27.03311017111337,0.1,161.51986133374209,161.51986133374209,40.37996533343552,0.0
2466,-66921.81323400696,-66935.08694266404,0.0,28.193385699401503,0.1,159.33765055715944,159.33765055715944,39.83441263928986,0.0
2467,-66434.88180564766,-66449.2460702558,0.0,17.74536054444388,0.1,158.17829001344683,158.17829001344683,39.54457250336171,0.0
2468,-67558.376110647,-67574.1318743737,0.0,30.24432070937681,0.1,160.85327645392144,160.85327645392144,40.21331911348036,0.0
2469,-66833.54588709478,-66848.25372303624,0.0,28.87557560794543,0.1,159.1274902073685,159.1274902073685,39.78187255184213,0.0
2470,-67644.01195082667,-67648.55665596992,0.0,24.86869603365074,0.1,161.05717131149208,161.05717131149208,40.26429282787302,0.0
2471,-68010.14954683704,-68018.90444228616,0.0,28.734904200523548,0.1,161.92892749246917,161.92892749246917,40.48223187311729,0.0
2472,-65582.51549586041,-65597.83041148302,0.0,28.450368381683063,0.1,156.14884641871527,156.14884641871527,39.03721160467882,0.0
2473,-67158.46954034398,-67184.34664460557,0.0,28.45809287560694,0.1,159.90111795319996,159.90111795319996,39.97527948829999,0.0
2474,-65786.43421612964,-65804.16540047257,0.0,20.008938707442972,0.1,156.63436718126104,156.63436718126104,39.15859179531526,0.0
2475,-65122.276451734586,-65137.24859062792,0.0,22.334547989920836,0.1,155.05303917079664,155.05303917079664,38.76325979269916,0.0
2476,-64983.59811760964,-64995.157478042594,2.7755575615628914e-17,23.127329246248745,0.1,154.72285266097535,154.72285266097535,38.68071316524384,-8.260587980841938e-19
2477,-63003.113985922166,-63008.314730174345,0.0,15.21330705433005,0.1,150.00741425219564,150.00741425219564,37.50185356304891,0.0
2478,-65598.11601487304,-65606.43458438976,0.0,25.966897259620794,0.1,156.18599051160248,156.18599051160248,39.04649762790062,0.0
2479,-65410.33311725377,-65411.8513467995,0.0,25.07841118235812,0.1,155.73888837441376,155.73888837441376,38.93472209360344,0.0
2480,-65090.26021914102,-65124.26290338413,0.0,30.115282776261196,0.1,154.97681004557384,154.97681004557384,38.74420251139346,0.0
2481,-66242.385376173,-66273.82079126421,0.0,26.95563938466363,0.1,157.7199651813643,157.7199651813643,39.429991295341075,0.0
2482,-64476.45578730255,-64503.13088553241,0.0,21.380176347661063,0.1,153.51537092214892,153.51537092214892,38.37884273053723,0.0
2483,-64771.433118551126,-64779.9897158809,2.7755575615628914e-17,11.304298969312637,0.1,154.21769790131222,154.21769790131222,38.554424475328055,-8.260587980841938e-19
2484,-64026.411323582426,-64053.27277832285,5.551115123125783e-17,32.70161989909943,0.1,152.44383648472007,152.44383648472007,38.11095912118002,-1.6521175961683876e-18
2485,-63173.978981761975,-63183.4472093085,0.0,23.730241468013823,0.1,150.41423567086184,150.41423567086184,37.60355891771546,0.0
2486,-64366.17572154742,-64373.63710041051,0.0,26.91326775738746,0.1,153.25279933701768,153.25279933701768,38.31319983425442,0.0
2487,-62893.644970346104,-62919.89429579914,0.0,16.286140130594795,0.1,149.7467737389193,149.7467737389193,37.436693434729825,0.0
2488,-63353.299855020276,-63372.3942403267,0.0,23.616641141404273,0.1,150.84119013100067,150.84119013100067,37.71029753275017,0.0
2489,-61861.57004325637,-61877.703987176035,0.0,27.294970008371454,0.1,147.28945248394373,147.28945248394373,36.82236312098593,0.0
2490,-64718.38733054832,-64731.505306160594,2.7755575615628914e-17,24.482065732971098,0.1,154.09139840606744,154.09139840606744,38.52284960151686,-8.260587980841938e-19
2491,-63771.4522730758,-63784.313521400254,0.0,29.85158100894141,0.1,151.83679112637097,151.83679112637097,37.95919778159274,0.0
2492,-63632.80419994955,-63651.99179955082,0.0,26.102917688686805,0.1,151.50667666654655,151.50667666654655,37.87666916663664,0.0
2493,-64284.26761757451,-64286.55810036358,0.0,23.107101283934227,0.1,153.05778004184407,153.05778004184407,38.26444501046102,0.0
2494,-63342.097418438374,-63366.08411004177,0.0,25.188482865619616,0.1,150.81451766294853,150.81451766294853,37.70362941573713,0.0
2495,-64465.15232486376,-64486.74763955965,2.7755575615628914e-17,33.83255900163817,0.1,153.4884579163423,153.4884579163423,38.372114479085575,-8.260587980841938e-19
2496,-62929.76516260607,-62955.151223298155,0.0,25.46579168849871,0.1,149.83277419668113,149.83277419668113,37.45819354917028,0.0
2497,-63458.67184447394,-63468.56195277198,0.0,12.232252019720509,0.1,151.09207582017603,151.09207582017603,37.77301895504401,0.0
2498,-65628.0389290532,-65641.35507982847,0.0,23.369937520915755,0.1,156.25723554536478,156.25723554536478,39.064308886341195,0.0
2499,-64402.11609494216,-64421.01975688611,0.0,24.230473865126562,0.1,153.3383716546242,153.3383716546242,38.33459291365605,0.0
